block_number,block_timestamp,tx_type,transaction_hash,transaction_index,log_index,reserve,owner,amount,liquidator,debt_asset,debt_amount,atoken
51986202,2024-01-06 00:06:18,AAVE_SUPPLY,0x2e893394725600bc73f2bf977b024862a78f447e571924fb12a14d73c3a769e1,55,177,0x7ceb23fd6bc0add59e62ac25578270cff1b9f619,0xa77f88c5031648b7903afaca4e2a431f21f07f0c,1859618478297055008,,,,
51986321,2024-01-06 00:10:32,AAVE_WITHDRAW,0xeba1a9ee6810e9926c5bd35116f53c1a5fe00a5a9efdfec081222328fb305328,97,425,0x7ceb23fd6bc0add59e62ac25578270cff1b9f619,0xe3090207a2de94a856ea10a7e1bd36dd6145712b,66616488095173136,,,,
51986321,2024-01-06 00:10:32,AAVE_SUPPLY,0xeba1a9ee6810e9926c5bd35116f53c1a5fe00a5a9efdfec081222328fb305328,97,448,0x7ceb23fd6bc0add59e62ac25578270cff1b9f619,0xa21b1745bd19575b08e4912bbb1c89c67dff859b,331425313906334,,,,
51986333,2024-01-06 00:10:56,AAVE_SUPPLY,0xddcc3e3fce55c61ddb5bdf6115a44e140864cfa29f01fc46223b1c55e349bd8b,23,171,0x7ceb23fd6bc0add59e62ac25578270cff1b9f619,0xa7a7ffe0520e90491e58c9c77f78d7cfc32d019e,149855108323314676,,,,
51986385,2024-01-06 00:13:20,AAVE_SUPPLY,0xf8508f6815e557f89bf1896ffcfd7970b7385cbd4567eea9751207a5fe0b8582,26,94,0x7ceb23fd6bc0add59e62ac25578270cff1b9f619,0xfa1be1a89519ea535382416e2af0d2f9f09d7975,50000000000000000,,,,
51986547,2024-01-06 00:19:12,AAVE_SUPPLY,0xe03cae9f5b09b9816f6a07b7c735a61cbcbe7c4b669a1d8aa233a42bba9848f8,54,157,0x7ceb23fd6bc0add59e62ac25578270cff1b9f619,0x673f1e4b3689769e08ed27d0e91ee0a16b307446,150274848112767173,,,,
51986854,2024-01-06 00:31:03,AAVE_WITHDRAW,0xf04da273a6d750078ab7aa5dd891f504655172650a8a0630fe2de609e0f632b3,58,263,0x7ceb23fd6bc0add59e62ac25578270cff1b9f619,0xa79f87cd51834ce30b14c71b107859dc54bcff6e,152930757494925010,,,,
51986966,2024-01-06 00:35:33,AAVE_SUPPLY,0x41175d3927292d22de73c788e45cdcf56587cb42c7b8d72d4e8538b7c2039801,64,286,0x7ceb23fd6bc0add59e62ac25578270cff1b9f619,0xb6596d96c89256986d9c8ef63dcfc1f89a870750,48696047567463986,,,,
51986967,2024-01-06 00:35:35,AAVE_WITHDRAW,0x09ddcc11574090b042816bbc703d8974cb29cb9653f5afc77860f03db06df579,30,112,0x7ceb23fd6bc0add59e62ac25578270cff1b9f619,0x647b41b745cf5e32e244e432902468c4bd89643c,444000000000000000,,,,
51987026,2024-01-06 00:37:47,AAVE_SUPPLY,0xafbed780ca0664351a0addbe49ca92aa036ce846997d99b6c4a0a0b43e08bc9a,140,648,0x7ceb23fd6bc0add59e62ac25578270cff1b9f619,0xa2e42a534d2160825ff97c553b562067c2ec1fcd,53992401438281629,,,,
51987092,2024-01-06 00:40:07,AAVE_BORROW,0x9f8661a8bbccfe5992b3cf7e0b5d8bc24ac964acebf00331965fc4c459e1f3a0,25,165,0x7ceb23fd6bc0add59e62ac25578270cff1b9f619,0xf332c6569e316bf90b35ad584804d3e4c9037cdf,345802257708249647,,,,
51987114,2024-01-06 00:40:53,AAVE_WITHDRAW,0xb3888a55ff80da6ee214236fb533fe77eee8f512c143b234406a6190856e8501,13,47,0x7ceb23fd6bc0add59e62ac25578270cff1b9f619,0x647b41b745cf5e32e244e432902468c4bd89643c,400000000000000000,,,,
51987180,2024-01-06 00:43:41,AAVE_SUPPLY,0x9e27a77ad8726ace68cf786957be0ea591f59a8f6a52df6615af1d85658e2285,107,365,0x7ceb23fd6bc0add59e62ac25578270cff1b9f619,0xd3aadf36b6a202f2bf8d689a508990f6042eee77,18099768242474075638,,,,
51987363,2024-01-06 00:50:49,AAVE_SUPPLY,0x50f6eb03cb636594acdaf9bb4894406dd092f488e6524067403eaebfe54a913a,13,65,0x7ceb23fd6bc0add59e62ac25578270cff1b9f619,0xa7a7ffe0520e90491e58c9c77f78d7cfc32d019e,38219573176297321,,,,
51987619,2024-01-06 01:00:47,AAVE_SUPPLY,0xf9b95e76f252bb0b307611d1900cc46e02b696891ce313dabd5118c889ede59c,46,213,0x7ceb23fd6bc0add59e62ac25578270cff1b9f619,0x56722c5fd474d0b1a3b53a1585432c3f865b1137,459622094769371,,,,
51987655,2024-01-06 01:02:03,AAVE_BORROW,0x3e65f159589adf23671661089fe343cc28110c4dea69b83fc2bcab4e51ac0155,39,93,0x7ceb23fd6bc0add59e62ac25578270cff1b9f619,0xc258d51d09bbfb9d99365e95d16d197a78469128,3000000000000000000,,,,
51987754,2024-01-06 01:05:37,AAVE_SUPPLY,0x01db841629305d0652cbcaac2643cb1a0931c65bdaa08a936940f3d762d77bb7,31,225,0x7ceb23fd6bc0add59e62ac25578270cff1b9f619,0x858394bb6957605ad6685c16a063e562a5212fc8,10021918129015454047,,,,
51987855,2024-01-06 01:09:11,AAVE_BORROW,0xee62f19fb2c2423cd311d5b0340138edfb0f95aa03c3f6090a433b2564d2c535,12,81,0x7ceb23fd6bc0add59e62ac25578270cff1b9f619,0xc258d51d09bbfb9d99365e95d16d197a78469128,2500000000000000000,,,,
51987873,2024-01-06 01:09:51,AAVE_WITHDRAW,0x5ca468fd254c8476b3179163efbeecba6f494d955c8e8d705aff6f18e943daf2,57,283,0x7ceb23fd6bc0add59e62ac25578270cff1b9f619,0xa70c8401c058b6198e1cb085091de13498cec0dc,440644886578848,,,,
51987899,2024-01-06 01:10:45,AAVE_SUPPLY,0xaa78fb714f3573da6597919b13719293fdb1f2455161be9cc8915eb5817f01da,48,206,0x7ceb23fd6bc0add59e62ac25578270cff1b9f619,0x6031ec7fb12d39ad2431517746ecf350c2a78824,11710275677297438349,,,,
51987936,2024-01-06 01:12:05,AAVE_WITHDRAW,0x24547bd23a8d2293536fe5297a7f67f6070a9113e4eb23771bd01d9b5322df55,56,290,0x7ceb23fd6bc0add59e62ac25578270cff1b9f619,0xa70c8401c058b6198e1cb085091de13498cec0dc,714825364746221,,,,
51987965,2024-01-06 01:13:05,AAVE_BORROW,0x64fb92f4bd738853f59e54abca01761808178452ed5fa00da79c15f2a859e587,10,93,0x7ceb23fd6bc0add59e62ac25578270cff1b9f619,0xc258d51d09bbfb9d99365e95d16d197a78469128,2250000000000000000,,,,
51988061,2024-01-06 01:16:29,AAVE_BORROW,0x4e99badb9ab5371b9d4f411ba2ef57fced2974b4ed09a4de1672515926162e59,12,83,0x7ceb23fd6bc0add59e62ac25578270cff1b9f619,0xc258d51d09bbfb9d99365e95d16d197a78469128,2250000000000000000,,,,
51988073,2024-01-06 01:17:15,AAVE_SUPPLY,0xc35f7aae8faf97d3a4b4dd577b4615e721b417bec2060cfd563af0d7ab64c209,79,337,0x7ceb23fd6bc0add59e62ac25578270cff1b9f619,0x6ab5c0bada174623cafad6ec15989d66c650d970,1200000000000000,,,,
51988102,2024-01-06 01:18:29,AAVE_BORROW,0xf70061a8884d21fa509538d298b9820998b2f577e2010c96d048a9974805f68e,35,152,0x7ceb23fd6bc0add59e62ac25578270cff1b9f619,0xc258d51d09bbfb9d99365e95d16d197a78469128,2000000000000000000,,,,
51988161,2024-01-06 01:20:35,AAVE_SUPPLY,0x64775dac7093dc9b07e1da312be9567b619904b094681d31b03fad9f01d1c38f,95,1093,0x7ceb23fd6bc0add59e62ac25578270cff1b9f619,0x633ae6cbc7c68f70ef713abdf540b11db90ea62b,354192123473384790,,,,
51988168,2024-01-06 01:20:49,AAVE_BORROW,0x90ab6641a1eaf8fa05d3fb19687f67377cb6b492025634b7055cd9c5b5368e09,15,49,0x7ceb23fd6bc0add59e62ac25578270cff1b9f619,0xc258d51d09bbfb9d99365e95d16d197a78469128,1750000000000000000,,,,
51988176,2024-01-06 01:21:07,AAVE_SUPPLY,0xa35517518e932f14f4ebfde274f9973a1a3b81c659df57e7401084e9fb343a60,136,657,0x7ceb23fd6bc0add59e62ac25578270cff1b9f619,0x385590d716a4de40cc9c73dbaad7ec21ad9479a0,19468760321951976936,,,,
51988222,2024-01-06 01:22:43,AAVE_SUPPLY,0x11a62324025e39c38f1f2a06457da752057db39d2141f63580cd2c6e039242fa,12,65,0x7ceb23fd6bc0add59e62ac25578270cff1b9f619,0xa7a7ffe0520e90491e58c9c77f78d7cfc32d019e,19503201889122177,,,,
51988263,2024-01-06 01:24:11,AAVE_WITHDRAW,0xf9a57dfe6f2f473d62d36431bf2579c0e0e174f5552d22405a7086bf6a5a0e3e,50,311,0x7ceb23fd6bc0add59e62ac25578270cff1b9f619,0xc4aff49fced8ac1d818a6dcab063f9f97e66ec5e,8004000000000000000,,,,
51988264,2024-01-06 01:24:13,AAVE_SUPPLY,0xb76fad5ad8c27726df350f9cb9fe8acdd4c69c772b519aefe3fc09b746cfee58,52,818,0x7ceb23fd6bc0add59e62ac25578270cff1b9f619,0x5a5ffeaa81910fc0ee17908abb6061d3c33dab9a,156954852242217567,,,,
51988292,2024-01-06 01:25:13,AAVE_SUPPLY,0x599504ea9b2e4d709dbea203d581d442de68e825faffdd1aee319cf6c8b42993,64,285,0x7ceb23fd6bc0add59e62ac25578270cff1b9f619,0x5e654dfd75b1f17552b05dc741c7c09f7eab6148,9988222427384101,,,,
51988292,2024-01-06 01:25:13,AAVE_SUPPLY,0xf53ce191032f00f95955d8fd3361b85f111b46697780f2c4e9df131971340923,137,673,0x7ceb23fd6bc0add59e62ac25578270cff1b9f619,0xa9730b45eb13d2a4e01618b2f3785d51656c1e4a,14323917194309274,,,,
51988306,2024-01-06 01:25:43,AAVE_WITHDRAW,0x315b30b3d3ad4a4f403279d88013df3c50b8ef6a533cf84c4696094de6024710,46,214,0x7ceb23fd6bc0add59e62ac25578270cff1b9f619,0xc4aff49fced8ac1d818a6dcab063f9f97e66ec5e,6000000000000000000,,,,
51988335,2024-01-06 01:26:43,AAVE_BORROW,0x0e22e8649e46c9377a843631f04518f8b73676fa7aef04c1e1b58b240a21453f,8,24,0x7ceb23fd6bc0add59e62ac25578270cff1b9f619,0xc258d51d09bbfb9d99365e95d16d197a78469128,1500000000000000000,,,,
51988442,2024-01-06 01:30:31,AAVE_WITHDRAW,0xc99627f0d3b2e3e0bcd018ff61331788b0d1b60094bf8b075fccf64aa6296bcf,32,131,0x7ceb23fd6bc0add59e62ac25578270cff1b9f619,0xc4aff49fced8ac1d818a6dcab063f9f97e66ec5e,5464762859932316018,,,,
51988638,2024-01-06 01:37:27,AAVE_BORROW,0x993650853e0b4373dd5b69adb1b19abb8ace64a4e3e4aab1ded86ed54a3c8d62,37,170,0x7ceb23fd6bc0add59e62ac25578270cff1b9f619,0xa4f59ee788a190206acc393d8dd1e6f7d1229dd0,1050000000000000000,,,,
51988696,2024-01-06 01:39:31,AAVE_BORROW,0x010c9ecfadc88325a5e8808d3c40b3aff40aefbf46ed28ee733d10cf0b339ff5,47,224,0x7ceb23fd6bc0add59e62ac25578270cff1b9f619,0x633ae6cbc7c68f70ef713abdf540b11db90ea62b,79125869889934834,,,,
51988702,2024-01-06 01:39:43,AAVE_SUPPLY,0x5dec25bcb3e0df46b52c38e51fe823511b80f8280cec77d948b3c2573bc6c11e,61,439,0x7ceb23fd6bc0add59e62ac25578270cff1b9f619,0xf05287bdf8e461c8b59ff3eedfddce29a2907c57,37248306799891474,,,,
51988739,2024-01-06 01:41:03,AAVE_SUPPLY,0xca974c623d300c312e802dc404e4a859f0e4ff49903e01bbb32ae4cf40d7ea22,70,355,0x7ceb23fd6bc0add59e62ac25578270cff1b9f619,0x77bf13ccd186ff7c0a1b1c48a475a0e77a3df974,403970039993,,,,
51988763,2024-01-06 01:41:53,AAVE_SUPPLY,0x676308e3bd0071664919f4521203cbe5d00a41cef46c093c9c45cde5e0a836a4,37,158,0x7ceb23fd6bc0add59e62ac25578270cff1b9f619,0xa15c5374c1ac33b3a7a8bd90617eeea49d953f00,11171012371005942912,,,,
51988842,2024-01-06 01:44:41,AAVE_SUPPLY,0x82970007e1e01f9d6ad209ae668672b215302b1e73fd2ad2bfb778660ab15cd8,41,262,0x7ceb23fd6bc0add59e62ac25578270cff1b9f619,0x50acc695a327718e00503b3c43edc595e03d98c0,15011559266129396,,,,
51988984,2024-01-06 01:50:15,AAVE_SUPPLY,0x556254cd3b605aad11df511a19aa3c0e48edc0ad7c3f095f20f595fcab1c9883,202,547,0x7ceb23fd6bc0add59e62ac25578270cff1b9f619,0xbf973c7224a2df24fcda0529976a90e657a0d21f,1863201742832963,,,,
51989138,2024-01-06 01:55:43,AAVE_REPAY,0xc1b9ff6f2f8782ac6c9c2fd6a4333fcb22e8550e07b4be3f3ef89578b01225f0,41,188,0x7ceb23fd6bc0add59e62ac25578270cff1b9f619,0x1dc6074361a3cddee55a61c92bcf7de1667e1096,109500001130232483125,,,,0.0
51989370,2024-01-06 02:03:55,AAVE_REPAY,0x1265bd2f70408b21a692ade8421120d47b772dcbe28684227c9ee92dd4ebdcab,73,395,0x7ceb23fd6bc0add59e62ac25578270cff1b9f619,0x387d2265469b3a157b2a9b6ae3d00521e58f8b43,9999000000000005486,,,,0.0
51989427,2024-01-06 02:05:57,AAVE_SUPPLY,0x09e02da1b2dfe429d32e1e638a41481ea8266f623f4b5a4754f3bc7160d4d6e1,40,194,0x7ceb23fd6bc0add59e62ac25578270cff1b9f619,0x687764487db72136db6bf174c1a05d34a870a403,2973534272679014,,,,
51990001,2024-01-06 02:27:33,AAVE_SUPPLY,0xd3f11aa939cfee8516d2709243056b699da75b8234f5441da1d7b8d04b5fc3b6,84,840,0x7ceb23fd6bc0add59e62ac25578270cff1b9f619,0x1a9bd0d4e67fcf79156ed6ae1c918a3eec53be59,1000000000000000,,,,
51990122,2024-01-06 02:31:49,AAVE_SUPPLY,0x909a84b765215e8a28ac7023b73f60d119cbf85a22640a4da7e942770642754b,37,224,0x7ceb23fd6bc0add59e62ac25578270cff1b9f619,0x8ae928cb080aa43a50393cd08de208ef2b1bb86a,13192897004461247,,,,
51990366,2024-01-06 02:40:29,AAVE_SUPPLY,0xd0a0c16827743ce1292643df6463ed5c83290dc7f462185c7b39fdc123f7dd5b,54,226,0x7ceb23fd6bc0add59e62ac25578270cff1b9f619,0x549a1652239df64dab643f3622488cfcc72375d4,152789176884771838,,,,
51990371,2024-01-06 02:40:41,AAVE_SUPPLY,0xb42570f65ee4106d55d109df2057507d2c95828bbb36c46d11bc098af43670b7,46,438,0x7ceb23fd6bc0add59e62ac25578270cff1b9f619,0xd8dc8ef0f336f8e39054eafd9041d58a9c6cefae,10000000000000,,,,
51990461,2024-01-06 02:43:51,AAVE_BORROW,0x3a94c836544add21a7c046c8f04eedada18da2aa88d78165dbcb2fe094b54af5,47,219,0x7ceb23fd6bc0add59e62ac25578270cff1b9f619,0x2235a9a9839fc675522ccfc55b25b31ba6af6a42,2314927417898790402,,,,
51990461,2024-01-06 02:43:51,AAVE_REPAY,0x3a94c836544add21a7c046c8f04eedada18da2aa88d78165dbcb2fe094b54af5,47,226,0x7ceb23fd6bc0add59e62ac25578270cff1b9f619,0x2235a9a9839fc675522ccfc55b25b31ba6af6a42,1537109237955312,,,,0.0
51990663,2024-01-06 02:51:33,AAVE_WITHDRAW,0xb753c312a491e8bb7cfd58200bb4fb87f0b4d9e034d4c2213298d4eecabffe3f,26,85,0x7ceb23fd6bc0add59e62ac25578270cff1b9f619,0x647b41b745cf5e32e244e432902468c4bd89643c,500000000000000000,,,,
51991056,2024-01-06 03:05:29,AAVE_REPAY,0x26db0a2ad47ea85e3c8dd9ff23dcb484b7fa0f030cbfe07533c518e479063f28,124,468,0x7ceb23fd6bc0add59e62ac25578270cff1b9f619,0x2d979b3e213864cec93fd1c7f2af10723930fb82,2887153996327830,,,,0.0
51991063,2024-01-06 03:05:43,AAVE_WITHDRAW,0xfb2873592b56a8549859b46a9be42e5728036432da51d0cecb7f9a9179cc39f1,70,316,0x7ceb23fd6bc0add59e62ac25578270cff1b9f619,0xff46f43dd81e6355fc4d62dbd018d4d0ecddda44,160000000000000000,,,,
51991156,2024-01-06 03:09:01,AAVE_SUPPLY,0xbce1cd49afb5b7ea8076a7e21a8b9af7685b9042e6b36fa7e660bbb089062532,12,52,0x7ceb23fd6bc0add59e62ac25578270cff1b9f619,0xef7917d17212082ac6593630779b3e5ab50c1c81,3000000000000000,,,,
51991227,2024-01-06 03:11:31,AAVE_SUPPLY,0x21fe1966508eab0c145e8318d788edc9bacf5e454a78b5b24bab50e07aee63fb,46,177,0x7ceb23fd6bc0add59e62ac25578270cff1b9f619,0x2d979b3e213864cec93fd1c7f2af10723930fb82,50692041684522658,,,,
51991313,2024-01-06 03:15:07,AAVE_BORROW,0x0ecaacd3c844d058495326fc42bc3bff51e02fec898e5b404a23dc3a12a31941,107,442,0x7ceb23fd6bc0add59e62ac25578270cff1b9f619,0x2d979b3e213864cec93fd1c7f2af10723930fb82,23000000000000000,,,,
51991313,2024-01-06 03:15:07,AAVE_WITHDRAW,0x18444be42c6f3d4232bea0fb5c2b696f671f0182062a51be556d982cfc26d72a,118,516,0x7ceb23fd6bc0add59e62ac25578270cff1b9f619,0x50acc695a327718e00503b3c43edc595e03d98c0,15011568827585902,,,,
51991343,2024-01-06 03:16:09,AAVE_REPAY,0xbea330fd9e7dfc47e948aea92c2afb07d8275f20421a7c053b8de3e9afe8dbf8,59,255,0x7ceb23fd6bc0add59e62ac25578270cff1b9f619,0x2d979b3e213864cec93fd1c7f2af10723930fb82,23000000000000000,,,,0.0
51991439,2024-01-06 03:19:33,AAVE_REPAY,0xbad24e8bb556bfc7d45e285da3a0d370d7feed511a09fba15879da79b56de12f,76,468,0x7ceb23fd6bc0add59e62ac25578270cff1b9f619,0xaa40cb43f78b97701d0e5981d83822ed77dd57e9,3000088156207389093,,,,0.0
51991461,2024-01-06 03:20:21,AAVE_SUPPLY,0x1df3d5a58e89c064261b13fb705474daa8cfe53656d1570817c699bbe759a472,61,263,0x7ceb23fd6bc0add59e62ac25578270cff1b9f619,0x2d979b3e213864cec93fd1c7f2af10723930fb82,23926185358221543,,,,
51991618,2024-01-06 03:25:55,AAVE_BORROW,0x2112370ce8200913ccde0a90cbc114757444c24c962ab93f13ef4ba46e541426,72,251,0x7ceb23fd6bc0add59e62ac25578270cff1b9f619,0xaa40cb43f78b97701d0e5981d83822ed77dd57e9,2000000000000000000,,,,
51991678,2024-01-06 03:28:01,AAVE_BORROW,0xcc8a45c5f26ec7b6f83e3ffb1f752331cab8a639c091809bc6dff20a78fe0ae0,57,451,0x7ceb23fd6bc0add59e62ac25578270cff1b9f619,0xd36baa1beb2407ecf29f02db7857e75200555ad0,4439163671171299921,,,,
51991678,2024-01-06 03:28:01,AAVE_REPAY,0xcc8a45c5f26ec7b6f83e3ffb1f752331cab8a639c091809bc6dff20a78fe0ae0,57,458,0x7ceb23fd6bc0add59e62ac25578270cff1b9f619,0xd36baa1beb2407ecf29f02db7857e75200555ad0,4434728942229070,,,,0.0
51991695,2024-01-06 03:28:37,AAVE_SUPPLY,0x68977dc1c2421063d3ff5291da283163a06a16fc00e5e286dffc033172261bcd,74,386,0x7ceb23fd6bc0add59e62ac25578270cff1b9f619,0x669b85fbee20b2455d7763825a2479f78432ed0c,16151548518287293,,,,
51991756,2024-01-06 03:30:47,AAVE_WITHDRAW,0x9a7b069104c7579db407473f7af51711fbba1331477f8ae2adc82e3c4117e464,61,307,0x7ceb23fd6bc0add59e62ac25578270cff1b9f619,0xc4aff49fced8ac1d818a6dcab063f9f97e66ec5e,1000000000000000000,,,,
51991848,2024-01-06 03:34:03,AAVE_WITHDRAW,0x08362989b89bdbc72f33b03ef5a002f54beedc8c3934d1ed78d200be72a77736,82,562,0x7ceb23fd6bc0add59e62ac25578270cff1b9f619,0x1c1e4493f06206332f446776cad67c60d042935c,147127437753501628,,,,
51992077,2024-01-06 03:42:37,AAVE_SUPPLY,0x1791189220031ae786cf419b21b10cf44d34baa0c4f62ee897a9a3fbc6d87559,80,765,0x7ceb23fd6bc0add59e62ac25578270cff1b9f619,0x3ba5fef80228d83631192d1e2824218fc4922c75,20647709339293996,,,,
51992584,2024-01-06 04:00:39,AAVE_SUPPLY,0x7e4d00b60c880ef6a40c808d0fa70c8e253e6c6b6b73b4f1203fa15ad5d703f7,45,185,0x7ceb23fd6bc0add59e62ac25578270cff1b9f619,0xa7a7ffe0520e90491e58c9c77f78d7cfc32d019e,732703076505,,,,
51992893,2024-01-06 04:12:07,AAVE_BORROW,0xefa41afdd19adbdd1ef47490a50684ca41d4736bef409db320eeb72227b7e94b,65,234,0x7ceb23fd6bc0add59e62ac25578270cff1b9f619,0xbb925456d1215c03ed1b8aaafff9ae2672426526,11558372809492414,,,,
51992893,2024-01-06 04:12:07,AAVE_REPAY,0xefa41afdd19adbdd1ef47490a50684ca41d4736bef409db320eeb72227b7e94b,65,241,0x7ceb23fd6bc0add59e62ac25578270cff1b9f619,0xbb925456d1215c03ed1b8aaafff9ae2672426526,11546825983509,,,,0.0
51992988,2024-01-06 04:15:29,AAVE_BORROW,0x6fd2f513a41c6b3e956cb595976792e96611bdeccbd936931965f94e72598421,65,260,0x7ceb23fd6bc0add59e62ac25578270cff1b9f619,0xbb925456d1215c03ed1b8aaafff9ae2672426526,3949359143891643,,,,
51992988,2024-01-06 04:15:29,AAVE_REPAY,0x6fd2f513a41c6b3e956cb595976792e96611bdeccbd936931965f94e72598421,65,267,0x7ceb23fd6bc0add59e62ac25578270cff1b9f619,0xbb925456d1215c03ed1b8aaafff9ae2672426526,3945413730162,,,,0.0
51993088,2024-01-06 04:19:03,AAVE_SUPPLY,0xef22f3faf04a0b332c10f42a73def7e82b9ee2fd94b0fe4ec701c7e5ce9ffb76,37,124,0x7ceb23fd6bc0add59e62ac25578270cff1b9f619,0x88844185fa124f6f620578afc57037ebedaab840,551607321398598986,,,,
51993142,2024-01-06 04:20:57,AAVE_SUPPLY,0x389aaf89ae0bed8764af6ae3786b20950b905385224c7297fc2e0f868d87baf7,40,213,0x7ceb23fd6bc0add59e62ac25578270cff1b9f619,0x11fd7af019ea713935592147ca067c8de3206ffa,65899939661462953,,,,
51993680,2024-01-06 04:40:38,AAVE_WITHDRAW,0x70a994ba7ce0683dacb9142232fa928b0f738a2ed3ba1ef2d33b60132af4303a,118,496,0x7ceb23fd6bc0add59e62ac25578270cff1b9f619,0xc4aff49fced8ac1d818a6dcab063f9f97e66ec5e,104995292117369413,,,,
51993774,2024-01-06 04:43:56,AAVE_SUPPLY,0x570cee56fc9326a512cfb744d880655a0bbb31a85577c43ac84ea4fa2da589c5,27,174,0x7ceb23fd6bc0add59e62ac25578270cff1b9f619,0xa2eb5097483cf2f8d0123a136a9d735d8e8efa9f,17020147193657330,,,,
51993971,2024-01-06 04:50:56,AAVE_SUPPLY,0x9321b82029f437aeefd38d50026722f4bb7843dfa6257af071d731912a9e92c4,24,169,0x7ceb23fd6bc0add59e62ac25578270cff1b9f619,0x4f453f7b57c55d330bdce905d199ef705c4d7f39,2903193145588864,,,,
51994042,2024-01-06 04:53:26,AAVE_WITHDRAW,0x2912322a096d14f35b248116af02b63a4ee9dba40d6302494307204db3a968e4,17,96,0x7ceb23fd6bc0add59e62ac25578270cff1b9f619,0xc4aff49fced8ac1d818a6dcab063f9f97e66ec5e,294906882504415,,,,
51994967,2024-01-06 05:26:32,AAVE_REPAY,0x94b2fce1dbca15eb6810be23baca958303f38ea889421b9e14708809b309e616,46,307,0x7ceb23fd6bc0add59e62ac25578270cff1b9f619,0xa65b44e85db0c0a280d203a88af460c308c86842,59940999999982088,,,,0.0
51995137,2024-01-06 05:32:41,AAVE_SUPPLY,0xc64d2313692f5be672ed54a586b20e6011e8f028e864d45137086d6e598594e5,109,376,0x7ceb23fd6bc0add59e62ac25578270cff1b9f619,0x4d655582e9bd9c760588e27d0fca7a799935c494,390446780699836467,,,,
51995155,2024-01-06 05:33:19,AAVE_WITHDRAW,0x69688dd3c9b6b47957ff6be45f069494578f353d264ac8ef6f7dfb245f0be4b9,43,225,0x7ceb23fd6bc0add59e62ac25578270cff1b9f619,0x988c1c81b477908b8d80f735c68ed276391741d3,831090481887876,,,,
51995183,2024-01-06 05:34:19,AAVE_WITHDRAW,0xfa48b68cd0c719dafd769a331a4bc16f3cb3709811a5e172e6a52b20a1b78a77,39,235,0x7ceb23fd6bc0add59e62ac25578270cff1b9f619,0xb1f3ce7382a8f3541eadfaeb8d5efa57b59bc6bc,19892823954975787,,,,
51995194,2024-01-06 05:34:45,AAVE_SUPPLY,0x503f9847d7d12b8c569b35cd0330c2b79331606fa1e4999f2576933681b4c478,38,149,0x7ceb23fd6bc0add59e62ac25578270cff1b9f619,0x4e2effd1eafc7eb80fcbc56ffabb37e0cc77b11a,21550428190733547,,,,
51995235,2024-01-06 05:36:13,AAVE_REPAY,0xeb34b7a905397572ed0cb3252543a3e93b31ff4c6660f1e2317f55414bdc090f,57,391,0x7ceb23fd6bc0add59e62ac25578270cff1b9f619,0x2235a9a9839fc675522ccfc55b25b31ba6af6a42,2313404941157846714,,,,0.0
51995348,2024-01-06 05:40:13,AAVE_WITHDRAW,0x018160d046970d87ae5a6b1ed9300b1cab693816389a7cdfdaad5f1ad30ee481,50,214,0x7ceb23fd6bc0add59e62ac25578270cff1b9f619,0xd31f267c6374ed045f414db8b04e0b84fa266e2b,350000000000000000,,,,
51995361,2024-01-06 05:40:41,AAVE_SUPPLY,0xb1104f1af570da171b3108c234daafe08549221a5baae0f18ce96755932458d6,78,376,0x7ceb23fd6bc0add59e62ac25578270cff1b9f619,0xf7c79e223415327dfad5caf89bd464b635c0cddc,587613622578959,,,,
51995389,2024-01-06 05:41:39,AAVE_WITHDRAW,0xaf3a13714cc01d376a32c9c3786c3d4a1e4b7fc71bb63b726f681933c6fdcedf,36,156,0x7ceb23fd6bc0add59e62ac25578270cff1b9f619,0xd31f267c6374ed045f414db8b04e0b84fa266e2b,207562569274076453,,,,
51995666,2024-01-06 05:51:39,AAVE_SUPPLY,0xe18f5cd6ace1156cf007733db751381e0f392f151ede2bf98d36893589c4d2dc,34,205,0x7ceb23fd6bc0add59e62ac25578270cff1b9f619,0xbab6643ee9c4d95955abbfb59c12a4eab0316f37,4680821393542255,,,,
51995788,2024-01-06 05:55:57,AAVE_WITHDRAW,0x51a6c07d301100df9cb8bbee44b032deffe98bdf5d03621d70392793a719aa57,5,20,0x7ceb23fd6bc0add59e62ac25578270cff1b9f619,0x253e8efdcbc1fc8acc47366e8bdf45b66954d0d1,1000000000000000000,,,,
51995892,2024-01-06 05:59:44,AAVE_SUPPLY,0x22886183fc76a9c04710633d1f1818fb0931621ebf14f580cc889e455e57009e,121,429,0x7ceb23fd6bc0add59e62ac25578270cff1b9f619,0xa989f464c2a76391d749e5d4aba3d9f470952c80,1477334172516466780,,,,
51995973,2024-01-06 06:02:37,AAVE_SUPPLY,0x128fefdbbd98a5d1835a455210a01fe41e1fb680f30549f7ffbc3304c5e3e982,127,632,0x7ceb23fd6bc0add59e62ac25578270cff1b9f619,0x2235a9a9839fc675522ccfc55b25b31ba6af6a42,473849359500738,,,,
51996401,2024-01-06 06:18:14,AAVE_BORROW,0xf72194b6630b067eb8e420571f4ae3e9ccfffff588d82b77471b0f2cf822708c,87,1324,0x7ceb23fd6bc0add59e62ac25578270cff1b9f619,0xc37d404a079dca91eec37fb404c7c23225e17cef,5040455383237064,,,,
51996428,2024-01-06 06:19:10,AAVE_WITHDRAW,0x5267209620b112a79b5db2e90ecd9ee511b4ce7c270a33e5f1f0b8dc0cf53a96,63,274,0x7ceb23fd6bc0add59e62ac25578270cff1b9f619,0x5a5f7ea4fc48fdb3e11b1e549e805b5f97b9f990,6495432194893124,,,,
51996577,2024-01-06 06:24:29,AAVE_SUPPLY,0x8cc888d6bb682d55dfdae2d0f1c72f351c76bd365267e9fa32f30c06e03fc707,117,628,0x7ceb23fd6bc0add59e62ac25578270cff1b9f619,0xccdc029246edaf23899ef480e6b84df612b159ed,28447517056814069,,,,
51996593,2024-01-06 06:25:03,AAVE_SUPPLY,0xe4b7eeb9532c5fb9c87466fbb9de9b16d117916394e33b905341d60d736054f2,118,741,0x7ceb23fd6bc0add59e62ac25578270cff1b9f619,0xc4c3689867008282996291ff877132f2c3b99b61,8083563566268138,,,,
51996625,2024-01-06 06:26:11,AAVE_SUPPLY,0x688e791165e410f2f22615b9cd2b374e0297bca79d89f4bb04c4336f1435c6cc,18,66,0x7ceb23fd6bc0add59e62ac25578270cff1b9f619,0xd79f6f76ce99aa1d58c3ed4c7fe49d99a7e41fe9,1720095000000000000,,,,
51996673,2024-01-06 06:27:55,AAVE_SUPPLY,0x37d9f2c98fa3e7e5f11da87b60f66db40fd61e5fe90b4d2827185b836b3651c2,102,491,0x7ceb23fd6bc0add59e62ac25578270cff1b9f619,0xc4c3689867008282996291ff877132f2c3b99b61,6726907381750000,,,,
51996752,2024-01-06 06:30:43,AAVE_WITHDRAW,0x018e0fc64efc07ac42056ce6578ea6b883b6de93e204a1690ebe33ade20f1ccd,88,481,0x7ceb23fd6bc0add59e62ac25578270cff1b9f619,0x31c670aa531a7136b0bc4042252b21ebe92a0304,150883110076620583,,,,
51996812,2024-01-06 06:32:49,AAVE_WITHDRAW,0x06d24493ad5abd54db257b72ce82ac3314fc8b6a5ef4fbdf6eba36139c0b9b20,66,388,0x7ceb23fd6bc0add59e62ac25578270cff1b9f619,0xc4aff49fced8ac1d818a6dcab063f9f97e66ec5e,10802024109843801394,,,,
51996864,2024-01-06 06:34:41,AAVE_WITHDRAW,0xe6aa0038eb7c939c3bf609e61480b3b0e21e9ebe3e8cc13cee74390c981d7a98,105,981,0x7ceb23fd6bc0add59e62ac25578270cff1b9f619,0xc4aff49fced8ac1d818a6dcab063f9f97e66ec5e,425220629799375311,,,,
51996888,2024-01-06 06:35:31,AAVE_SUPPLY,0x0c4524f4f72a4545174d44022140d2dcf152f8172dbed64112008f50ff5cbdc6,51,260,0x7ceb23fd6bc0add59e62ac25578270cff1b9f619,0x5a5f7ea4fc48fdb3e11b1e549e805b5f97b9f990,6502551821387544,,,,
51996924,2024-01-06 06:36:49,AAVE_REPAY,0x6db2784c815f17fb594358dc3ce799902653528c02331b1e1a69239c0825b40b,56,1484,0x7ceb23fd6bc0add59e62ac25578270cff1b9f619,0xc37d404a079dca91eec37fb404c7c23225e17cef,5040458820151478,,,,0.0
51996924,2024-01-06 06:36:49,AAVE_WITHDRAW,0x6db2784c815f17fb594358dc3ce799902653528c02331b1e1a69239c0825b40b,56,1497,0x7ceb23fd6bc0add59e62ac25578270cff1b9f619,0x5a5f7ea4fc48fdb3e11b1e549e805b5f97b9f990,5040962810535549,,,,
51996930,2024-01-06 06:37:05,AAVE_WITHDRAW,0xe4793cf3bae30621670a255b261e3d0b2f46d926e7e34f00f92bc386acb8a284,47,168,0x7ceb23fd6bc0add59e62ac25578270cff1b9f619,0x78f8bd884c3d738b74b420540659c82f392820e0,10926845058626812368,,,,
51996967,2024-01-06 06:38:23,AAVE_WITHDRAW,0xeb3d7d2bb8abb9675b74fb742f1423926b983b26eba2e0328a3903da50f79aca,44,367,0x7ceb23fd6bc0add59e62ac25578270cff1b9f619,0x5a5f7ea4fc48fdb3e11b1e549e805b5f97b9f990,1461589153398102,,,,
51996983,2024-01-06 06:38:57,AAVE_SUPPLY,0xd5e1ec3b48f4e2ee9fe0e4aade1c1eff125095737e594254171205241d62f637,99,530,0x7ceb23fd6bc0add59e62ac25578270cff1b9f619,0x9fb2e86637d4bb0b8092db29e9c43caa8634c9e9,1343688449615425556,,,,
51996985,2024-01-06 06:39:01,AAVE_SUPPLY,0x9ee9a6f1a85ae5fc59cc38328da2a2a831a6fe58a41d16b1ffa205c13adbf72f,49,258,0x7ceb23fd6bc0add59e62ac25578270cff1b9f619,0x37f4c9ea88a069ec051ed4bb0a89b35f7b5fe8ef,3354665079349206208,,,,
51997027,2024-01-06 06:40:49,AAVE_WITHDRAW,0xb5dffebcd2d27175293adc134ba669eba929a21a462006c32de36c714aa6571e,75,424,0x7ceb23fd6bc0add59e62ac25578270cff1b9f619,0x9fb2e86637d4bb0b8092db29e9c43caa8634c9e9,10000000000000000,,,,
51997056,2024-01-06 06:42:03,AAVE_WITHDRAW,0x01fd092a0d01d98a4012137bb0125c2879c6a29986825a15a9453b426b857de8,55,194,0x7ceb23fd6bc0add59e62ac25578270cff1b9f619,0xdef171fe48cf0115b1d80b88dc8eab59176fee57,687569339,,,,
51997056,2024-01-06 06:42:03,AAVE_SUPPLY,0x01fd092a0d01d98a4012137bb0125c2879c6a29986825a15a9453b426b857de8,55,204,0x7ceb23fd6bc0add59e62ac25578270cff1b9f619,0x5a5f7ea4fc48fdb3e11b1e549e805b5f97b9f990,687569341,,,,
51997074,2024-01-06 06:42:41,AAVE_SUPPLY,0xe9bea76874129bd759debf802bde74210b20f16e229caa666b34f8a9c3674692,36,117,0x7ceb23fd6bc0add59e62ac25578270cff1b9f619,0x9fb2e86637d4bb0b8092db29e9c43caa8634c9e9,1860065271332215111,,,,
51997217,2024-01-06 06:47:48,AAVE_SUPPLY,0xdff20069aaf63df28b7b250a120d03bfb18761cee24179322672ec6ee6d45c4c,129,567,0x7ceb23fd6bc0add59e62ac25578270cff1b9f619,0xba3a2f2abc7610f0e3f0d86b91d5801f694fd563,200000000000000000,,,,
51997256,2024-01-06 06:49:10,AAVE_SUPPLY,0xa039c3a43de208e9e17b3e11aedc704a8cf828f66c58c33688488472d045e872,209,671,0x7ceb23fd6bc0add59e62ac25578270cff1b9f619,0x9fb2e86637d4bb0b8092db29e9c43caa8634c9e9,3135741555021586845,,,,
51997289,2024-01-06 06:50:20,AAVE_SUPPLY,0xd3ca9257efb280c1455d9969c189a723ff1f8518fca9d10aa1d0202f7468dd3e,64,334,0x7ceb23fd6bc0add59e62ac25578270cff1b9f619,0xa989f464c2a76391d749e5d4aba3d9f470952c80,2685294757064099285,,,,
51997289,2024-01-06 06:50:20,AAVE_SUPPLY,0xa5058361de8123a62f5eb15fbd12dad18531c8852a8e847cbb53502baa0c540b,69,353,0x7ceb23fd6bc0add59e62ac25578270cff1b9f619,0xba3a2f2abc7610f0e3f0d86b91d5801f694fd563,200000000000000000,,,,
51997309,2024-01-06 06:51:02,AAVE_SUPPLY,0x48ff88aad94f96f2d603b94c7f236e2979ecb3bff2dc13fb0dd34499e561c88a,62,257,0x7ceb23fd6bc0add59e62ac25578270cff1b9f619,0x4162124e139c653aa400ecd64d9918e8b7cac115,58708115339303815,,,,
51997372,2024-01-06 06:53:16,AAVE_SUPPLY,0xb9eeed4200c862fad99033a14858de16356e88016ac589263eb5160bb3fe28e0,55,248,0x7ceb23fd6bc0add59e62ac25578270cff1b9f619,0x9fb2e86637d4bb0b8092db29e9c43caa8634c9e9,2689574558233061354,,,,
51997429,2024-01-06 06:55:18,AAVE_SUPPLY,0x05e8e6fefe5f6a2b9d73529287b1b0adcdfc5a9db753a8beb4a176fd4465a7fa,79,365,0x7ceb23fd6bc0add59e62ac25578270cff1b9f619,0x9fb2e86637d4bb0b8092db29e9c43caa8634c9e9,2246830104948204062,,,,
51997468,2024-01-06 06:56:40,AAVE_SUPPLY,0xfb4079dd569a1b9741076a3a8644822872460f1494d5b1499144198bfdaa9559,41,213,0x7ceb23fd6bc0add59e62ac25578270cff1b9f619,0x7d31a4758267d65ae9a9cc68700fd00279b463ca,20000000000000085,,,,
51997529,2024-01-06 06:58:50,AAVE_SUPPLY,0x2a91153754e8750add710f07b8cb662e9b6208d2deb21170c002b84e1faffe69,60,332,0x7ceb23fd6bc0add59e62ac25578270cff1b9f619,0x29a65484bdc6f689b55b928610002bc9157e1ab7,10000000000000,,,,
51997534,2024-01-06 06:59:00,AAVE_SUPPLY,0xe7af49d77b933ed433edda0f683b41f386723b559d02ee095d3e89a1100a9e69,68,327,0x7ceb23fd6bc0add59e62ac25578270cff1b9f619,0x9fb2e86637d4bb0b8092db29e9c43caa8634c9e9,1994687376226406954,,,,
51997545,2024-01-06 06:59:24,AAVE_WITHDRAW,0xa134a777d7092b3aaf553d4773a6c5584dbb51e9fa268d26061e87c51fd925cb,50,249,0x7ceb23fd6bc0add59e62ac25578270cff1b9f619,0xe3090207a2de94a856ea10a7e1bd36dd6145712b,1358943576899896335,,,,
51997545,2024-01-06 06:59:24,AAVE_SUPPLY,0xa134a777d7092b3aaf553d4773a6c5584dbb51e9fa268d26061e87c51fd925cb,50,276,0x7ceb23fd6bc0add59e62ac25578270cff1b9f619,0x9dd9c763fb332e47d08210f6245847bcd00c546c,6760913317909933,,,,
51997615,2024-01-06 07:01:52,AAVE_SUPPLY,0xce90a6007cbd42aded154c862e3c90092b9fa6ee26f274d4b9f873759e1e9a1a,50,256,0x7ceb23fd6bc0add59e62ac25578270cff1b9f619,0x9fb2e86637d4bb0b8092db29e9c43caa8634c9e9,1573547186197665352,,,,
51997734,2024-01-06 07:06:06,AAVE_SUPPLY,0xede4680aa3374cc6ac72fdef8ab6c30ca8237aac02fe371df2df7f1ac839d3ff,78,435,0x7ceb23fd6bc0add59e62ac25578270cff1b9f619,0x573a0726e49925e6a9cf41677617257a824938c7,20000000000000000,,,,
51997739,2024-01-06 07:06:16,AAVE_SUPPLY,0x3778e42a4efa7aaef64455310d70ec17887a37c44ee0d3e3c93f691bad56da8a,77,503,0x7ceb23fd6bc0add59e62ac25578270cff1b9f619,0xc4c3689867008282996291ff877132f2c3b99b61,6915175183431700,,,,
51997811,2024-01-06 07:08:50,AAVE_WITHDRAW,0xef63ac91381e965e54c07b2f2586e2cb728def98ac299c7d6c4aa79f645c8024,63,244,0x7ceb23fd6bc0add59e62ac25578270cff1b9f619,0xf4bcbcd8ef4a637955b85245fa485d68e29db6b8,12051662764166709,,,,
51997838,2024-01-06 07:09:49,AAVE_SUPPLY,0x04102b01256548d73824c6c938b214063fd258dc6f688be1a23a6e65e471d6ba,37,208,0x7ceb23fd6bc0add59e62ac25578270cff1b9f619,0x9fb2e86637d4bb0b8092db29e9c43caa8634c9e9,1350483171554738114,,,,
51997919,2024-01-06 07:12:41,AAVE_SUPPLY,0xb642e41080215d2711cc8028ef139979589578621f981598c4e6ff74cec13b97,60,273,0x7ceb23fd6bc0add59e62ac25578270cff1b9f619,0x9fb2e86637d4bb0b8092db29e9c43caa8634c9e9,1348071988600343946,,,,
51998020,2024-01-06 07:16:17,AAVE_SUPPLY,0x90ca64e4e460d393014a94ae59ef584d6137412b28f849d12b9ac3267cf43935,123,586,0x7ceb23fd6bc0add59e62ac25578270cff1b9f619,0x9fb2e86637d4bb0b8092db29e9c43caa8634c9e9,1347645171442547306,,,,
51998036,2024-01-06 07:16:51,AAVE_SUPPLY,0x6c85059c3bb651cb62d7f5bd629ac1d724e6c295a53d5d85359eb71aa76e00d7,63,318,0x7ceb23fd6bc0add59e62ac25578270cff1b9f619,0x9fb2e86637d4bb0b8092db29e9c43caa8634c9e9,1349131820156985621,,,,
51998183,2024-01-06 07:22:03,AAVE_SUPPLY,0xae3e695e554edb977ce7db2e6c14b53322f3809da2619e748de96cff70f531ec,49,297,0x7ceb23fd6bc0add59e62ac25578270cff1b9f619,0x9fb2e86637d4bb0b8092db29e9c43caa8634c9e9,1363877656382440701,,,,
51998393,2024-01-06 07:29:31,AAVE_REPAY,0x510b280d8ed7095d04b9622e3e738748b3bf4e3b5386b7fec421961a3090a00e,86,641,0x7ceb23fd6bc0add59e62ac25578270cff1b9f619,0xa4f59ee788a190206acc393d8dd1e6f7d1229dd0,1050013571274685499,,,,0.0
51998542,2024-01-06 07:34:47,AAVE_WITHDRAW,0x135e6540072e67ff0828e438164d611d852e8b3106dbdf11f6c1b195382d9760,35,207,0x7ceb23fd6bc0add59e62ac25578270cff1b9f619,0xc4aff49fced8ac1d818a6dcab063f9f97e66ec5e,3416149423232437331,,,,
51998601,2024-01-06 07:36:53,AAVE_SUPPLY,0xbe8c02aa0cd1d8743c38e6dd386e2cf497a95069c00e44fa0737d0ab11a7ae36,100,442,0x7ceb23fd6bc0add59e62ac25578270cff1b9f619,0xed3a16c0ed71a3d56310c3a337f122021bd29c2e,447606555184132217,,,,
51998617,2024-01-06 07:37:27,AAVE_WITHDRAW,0xc67b77489a8d3cff60075993e5d8d864ac4947728167770db8073269b2027f85,56,327,0x7ceb23fd6bc0add59e62ac25578270cff1b9f619,0xb4f7141ce59f4f0f471cf7bdaba288cad75b2813,330000000000000000,,,,
51998788,2024-01-06 07:43:32,AAVE_SUPPLY,0x9b89933d0e0aa5760a6beb885edfc0180e4ef29ac3df7209668a11724cb8949b,61,252,0x7ceb23fd6bc0add59e62ac25578270cff1b9f619,0xe1b39f2c9522ba8cc4649f9c1cf4ef67dda84a70,297937000000001558,,,,
51998815,2024-01-06 07:44:28,AAVE_SUPPLY,0x38fac940ec1eae9376ea0f867c5094406c37a17e91f7096e27785ee90a6f62ba,36,152,0x7ceb23fd6bc0add59e62ac25578270cff1b9f619,0x444447e3d1a3333705ae391e5d5be3742fbdd367,165639570892967747,,,,
51998840,2024-01-06 07:45:22,AAVE_WITHDRAW,0x5d60adcb58e2d6f8ecabd088f6526d36d7f01ae081800a0f5fd9f0fc918218fe,70,312,0x7ceb23fd6bc0add59e62ac25578270cff1b9f619,0xc4aff49fced8ac1d818a6dcab063f9f97e66ec5e,300000000000000000,,,,
51998982,2024-01-06 07:50:26,AAVE_SUPPLY,0x402c27c7e41f5e8d069eebd8d03c9acb630ba33c24538cdd03f4f4246aaf8524,63,447,0x7ceb23fd6bc0add59e62ac25578270cff1b9f619,0xb1bd1fb9c5e06d0dc63dc1fd65b283c49afe0963,222693585584557,,,,
51999073,2024-01-06 07:53:45,AAVE_WITHDRAW,0x0d9271d3cf6aa3fee673c3a19975a4985e2b8a87e6091e193b1aca7b805be9ed,95,901,0x7ceb23fd6bc0add59e62ac25578270cff1b9f619,0xb1bd1fb9c5e06d0dc63dc1fd65b283c49afe0963,222693590767239,,,,
51999146,2024-01-06 07:56:19,AAVE_WITHDRAW,0x53867e464c4419fe4f85dcaaf1ed196fbb9a3ecfdc9849fa93511a518fa5ac99,134,577,0x7ceb23fd6bc0add59e62ac25578270cff1b9f619,0xb2dbffbad7cd600834dd91216aa75b4f43e00e2c,2500000000000000000,,,,
51999253,2024-01-06 08:00:07,AAVE_WITHDRAW,0x55233ada80ecf37e4044cc677709bff9f1f5e20ea549898dff7180a70897ff1b,202,639,0x7ceb23fd6bc0add59e62ac25578270cff1b9f619,0xb2dbffbad7cd600834dd91216aa75b4f43e00e2c,3806725869550490339,,,,
51999267,2024-01-06 08:00:37,AAVE_SUPPLY,0x1a83712f64b2508876ae16e6d8dfd14d3d1004f5d96eb04808bd9afb9eb4a7bc,19,288,0x7ceb23fd6bc0add59e62ac25578270cff1b9f619,0xa7a7ffe0520e90491e58c9c77f78d7cfc32d019e,740324957250,,,,
51999414,2024-01-06 08:05:56,AAVE_SUPPLY,0x2adab051d16bb00dc5391854fe6f0a644fcbf2f7499bc2ae60a35f9f879d47fd,45,271,0x7ceb23fd6bc0add59e62ac25578270cff1b9f619,0xc14912f4b8c445375f6386d1c831666f7884b91e,4186891900487332,,,,
51999454,2024-01-06 08:07:33,AAVE_WITHDRAW,0x288da3cbdc8abfe4269e34bee2587aaf350a9f6dafc79fae312e34c585c9e0b2,90,985,0x7ceb23fd6bc0add59e62ac25578270cff1b9f619,0xb4f7141ce59f4f0f471cf7bdaba288cad75b2813,300000000000000000,,,,
51999508,2024-01-06 08:09:29,AAVE_REPAY,0xce64816221a0a05b672c9751bbb3b5274a55878fd8c99575929fac7fbe1acf14,59,377,0x7ceb23fd6bc0add59e62ac25578270cff1b9f619,0xa274358649cf8ee9709cf8d028eff74dca638aa4,23001294104610916,,,,0.0
51999553,2024-01-06 08:11:05,AAVE_SUPPLY,0x17c399296f3c681e7a1f8ad0b456a8f23c2cb0a200d6a90a613afa5beb7f2d54,129,643,0x7ceb23fd6bc0add59e62ac25578270cff1b9f619,0x995c06b04fc53211110d02bdba73301c4990ebf0,22388764570636493715,,,,
51999556,2024-01-06 08:11:11,AAVE_WITHDRAW,0xe88f14537216493a529108701f9431c5a9d7c590ed1884109b3dde760d3eaef6,79,352,0x7ceb23fd6bc0add59e62ac25578270cff1b9f619,0x728ac133a5c9250a61f7b27abbe7a823e786ff66,12539585178190888713,,,,
51999831,2024-01-06 08:20:55,AAVE_SUPPLY,0xa9fcbf518476c2110996f265ebb6690c000b92f750fed56ae7f443b82c409c26,39,228,0x7ceb23fd6bc0add59e62ac25578270cff1b9f619,0x344ba5b3ff73b05e698dfb461c810c0d744edc54,2439925358945721,,,,
52000120,2024-01-06 08:31:16,AAVE_SUPPLY,0xf40d1806cf096cb9a1a61b958ceb0e182d9ff6613b617eb79a5702166f416bd2,72,538,0x7ceb23fd6bc0add59e62ac25578270cff1b9f619,0xa274358649cf8ee9709cf8d028eff74dca638aa4,74378383540203921,,,,
52000308,2024-01-06 08:37:56,AAVE_WITHDRAW,0xf4a7b932c2dcea47e764567252931328b899b202f3beea6be37a45d2f9d6ef9e,90,515,0x7ceb23fd6bc0add59e62ac25578270cff1b9f619,0x9bb87307535ade1acdc7830d21f4375cff4990b4,4118338840029668,,,,
52000330,2024-01-06 08:38:42,AAVE_BORROW,0xb172c9ba15dccf16c0edfbb3d46f347f08d04f1805525ab577b023f0841f5157,24,145,0x7ceb23fd6bc0add59e62ac25578270cff1b9f619,0x4670980ab84caa35b1bbf9e3f3510af62a8db7e0,2000000000000000,,,,
52000422,2024-01-06 08:41:58,AAVE_WITHDRAW,0xfdd31012e7f03e3be287b7f384fda8ad7202f015a0c0d0b3248ce41048859ecd,115,416,0x7ceb23fd6bc0add59e62ac25578270cff1b9f619,0xe3090207a2de94a856ea10a7e1bd36dd6145712b,79992113791391991,,,,
52000422,2024-01-06 08:41:58,AAVE_SUPPLY,0xfdd31012e7f03e3be287b7f384fda8ad7202f015a0c0d0b3248ce41048859ecd,115,439,0x7ceb23fd6bc0add59e62ac25578270cff1b9f619,0x09ec2fd4f275e1c3fef71e4a46ffaf9167725020,397970715380059,,,,
52000438,2024-01-06 08:42:32,AAVE_WITHDRAW,0x04a953d2b02d2e1b982f2ec9c54056311ace2d871398c24a453cbe433a155a88,15,69,0x7ceb23fd6bc0add59e62ac25578270cff1b9f619,0xc4aff49fced8ac1d818a6dcab063f9f97e66ec5e,30000000000000000,,,,
52000469,2024-01-06 08:43:38,AAVE_SUPPLY,0xfbec665365daa8a2e936a7e4b686d66ce709c846df76d563a232491ebb49bf9c,62,367,0x7ceb23fd6bc0add59e62ac25578270cff1b9f619,0x275872d5a7e2dc14850093f98576cc2987549c8c,27831964104,,,,
52000533,2024-01-06 08:45:54,AAVE_REPAY,0xebb46b773dc3e24b860272562d9fe32ac2fc70aaea390c6183e9a76c76ff4b56,49,350,0x7ceb23fd6bc0add59e62ac25578270cff1b9f619,0x2fcae3030fe351fca9d13bd45454d13ed04710b8,616574992145528764,,,,0.0
52000830,2024-01-06 08:56:56,AAVE_SUPPLY,0x87b7f810ffa136108778c97a1f96113c7c1acf25da7c28e3750b511a48b23506,88,422,0x7ceb23fd6bc0add59e62ac25578270cff1b9f619,0x2d759e9e4c1bb2a5d175faf2ed9f83712ac2b81c,446638867098051851,,,,
52000976,2024-01-06 09:02:10,AAVE_WITHDRAW,0x9f2f4c5703dd58580a737d562e0b3b0933ea378dbe5d58ea754dd354975ff4b2,124,1704,0x7ceb23fd6bc0add59e62ac25578270cff1b9f619,0xc4aff49fced8ac1d818a6dcab063f9f97e66ec5e,22411200000000000000,,,,
52001003,2024-01-06 09:03:36,AAVE_BORROW,0xabfc32bb2794569e3dd482519d6a5bf44823c7d8c5b6235f0c1b7daaecc93f55,50,241,0x7ceb23fd6bc0add59e62ac25578270cff1b9f619,0x4670980ab84caa35b1bbf9e3f3510af62a8db7e0,269000000000000000,,,,
52001116,2024-01-06 09:08:08,AAVE_REPAY,0xa25f191279dd127463b6ab5b07e446d857add645b1b100fa4af63705ec26c33e,80,413,0x7ceb23fd6bc0add59e62ac25578270cff1b9f619,0x1dc6074361a3cddee55a61c92bcf7de1667e1096,11532432950243084019,,,,0.0
52001334,2024-01-06 09:15:52,AAVE_WITHDRAW,0x20dde1a73aac70f42fa5568c07a3d12f5200ef754c1ab212316c3cac77945e4d,57,203,0x7ceb23fd6bc0add59e62ac25578270cff1b9f619,0xf8538c8aad9fd577bed893ef439abd69f02d44a7,1754401027144784,,,,
52001359,2024-01-06 09:16:44,AAVE_WITHDRAW,0x72304bd64d49c45e52f26b823640ccd7b0acee59f71401554f943585295b1471,66,304,0x7ceb23fd6bc0add59e62ac25578270cff1b9f619,0x506aee2e8637897e4c7ef9b1f6d9db286a62432f,53213624174785256,,,,
52001360,2024-01-06 09:16:48,AAVE_SUPPLY,0x0c621e0ae40ac83bd449a47b685efdd4860aeb15fe6b0a061294261626f71751,63,399,0x7ceb23fd6bc0add59e62ac25578270cff1b9f619,0xf27006b74b99c7908385ebae5795a6f0be855459,38685826829472,,,,
52001508,2024-01-06 09:22:34,AAVE_SUPPLY,0xba3d36c30a994b56c474607e62da4b461179b720c115d982df3b28307b7f924f,81,358,0x7ceb23fd6bc0add59e62ac25578270cff1b9f619,0x3d720498532f1aa3ccadcd87c3df3fd3fba15ad6,91372568503552750,,,,
52001572,2024-01-06 09:24:50,AAVE_SUPPLY,0x5fc9787e0eccf03759502889a1c64aa521c4f3146e470cff9cb2e224ac15a4c4,61,639,0x7ceb23fd6bc0add59e62ac25578270cff1b9f619,0xc956ca6e8fa34a5e86b54c55b0da4aa9f3eeedce,36948480493352508220,,,,
52001676,2024-01-06 09:28:30,AAVE_WITHDRAW,0x05262fa56117e43ea713e349611fc430b7c37e5df077c5939eb28d2ffe28c3ee,82,496,0x7ceb23fd6bc0add59e62ac25578270cff1b9f619,0xc4aff49fced8ac1d818a6dcab063f9f97e66ec5e,31000000000000000,,,,
52001750,2024-01-06 09:31:08,AAVE_REPAY,0xb14eb9cc5ba69a5a8a3bca3177a46a551f4154f9b42c6c8b595dafe6133b8e76,86,554,0x7ceb23fd6bc0add59e62ac25578270cff1b9f619,0xf13fd4951485f54462de0fb534851d9687d1adea,700077646613633070,,,,0.0
52001824,2024-01-06 09:34:20,AAVE_SUPPLY,0x2eb958ea2a5a7daaa3e29809dee21907c09f590ae0421fcc133e26dccaf4093a,60,223,0x7ceb23fd6bc0add59e62ac25578270cff1b9f619,0x87229818f4427f04efa9578d7d0314038227fb6d,5995762532394776698,,,,
52002055,2024-01-06 09:43:00,AAVE_SUPPLY,0x5f3c2023b63f3232153cd6e0510009ec2d8f1271aba340b91f89dc74fd6f9a9c,75,383,0x7ceb23fd6bc0add59e62ac25578270cff1b9f619,0x212086cde3189e8d604ea2d32d267a137740c7a0,7482404792719077,,,,
52002081,2024-01-06 09:43:56,AAVE_WITHDRAW,0x264fb9a2bced228cb8f53bff5d607d9c4a100a86c3f8d0cfc1684fe389beeb4e,85,408,0x7ceb23fd6bc0add59e62ac25578270cff1b9f619,0x3b2ec8250c8a0446cc4eb9b2dd1b3ad654dfc0e7,50000000000000000000,,,,
52002097,2024-01-06 09:44:30,AAVE_WITHDRAW,0x906d4fd94a53f0702bc2f7637d41c216818c96a1e077d9d4544604f16c091ae5,60,287,0x7ceb23fd6bc0add59e62ac25578270cff1b9f619,0xc4aff49fced8ac1d818a6dcab063f9f97e66ec5e,10000000000000000000,,,,
52002237,2024-01-06 09:49:59,AAVE_REPAY,0x7fd3d8f8c67879ee6ca66e0d35ab8ff0e2460e222b161ebb9e8ec6934b20328a,67,363,0x7ceb23fd6bc0add59e62ac25578270cff1b9f619,0x4670980ab84caa35b1bbf9e3f3510af62a8db7e0,2954969912422523,,,,0.0
52002297,2024-01-06 09:52:07,AAVE_WITHDRAW,0x28724b8a22d4132d7cbda0f64c36ac7a0033887e79b39ba0971bea5a109e0267,70,371,0x7ceb23fd6bc0add59e62ac25578270cff1b9f619,0x961608fdcac656ee36443ac3066884bd112139e8,50000000000000000,,,,
52002339,2024-01-06 09:53:37,AAVE_REPAY,0x1215255949ae18af1107e73634c22b79a0ebe2d236e5af356c2cdafbf3ff1b65,7,64,0x7ceb23fd6bc0add59e62ac25578270cff1b9f619,0x20bdc0f700ea7d1e6e4a798c8ac4a40250c05419,15843461380692947,,,,0.0
52002572,2024-01-06 10:01:52,AAVE_WITHDRAW,0x600a6612ce5a127bc31e03d2f0bc482a12da1c200a6dfc4d3131e64317be4e90,40,183,0x7ceb23fd6bc0add59e62ac25578270cff1b9f619,0x2486e7826e961539a267ae5dc651b5adf05b0c4a,120378939064791,,,,
52002685,2024-01-06 10:06:56,AAVE_SUPPLY,0xf53b5b000926945123ba522ebc950dfaad5c8af93b0d4bcd9804917617f93377,64,356,0x7ceb23fd6bc0add59e62ac25578270cff1b9f619,0x3e51e45628ece90ca2d7df2d0f6605f3c200ecce,893251849044643307,,,,
52002843,2024-01-06 10:12:32,AAVE_SUPPLY,0x01a5b865587fa8c9563bd19c17092afddd4aea366fab94b5554a6f65020d32a8,42,200,0x7ceb23fd6bc0add59e62ac25578270cff1b9f619,0xd3724349e21e9df7f05bd760335a34c56ceb1205,1002754143171340415,,,,
52002935,2024-01-06 10:16:03,AAVE_SUPPLY,0x69b3c2d44d4ebec4101586bb723b206be7504490a11db37a39de98bceb636bd5,53,283,0x7ceb23fd6bc0add59e62ac25578270cff1b9f619,0x696f67e27ee8d043b28a580b53331932585b5fcb,6714928638541365215,,,,
52003058,2024-01-06 10:20:59,AAVE_SUPPLY,0x532b58c5dc0373b244b8844da6b8bb21f80d04ddc2aff63d0faaf8dedd60cfa3,16,164,0x7ceb23fd6bc0add59e62ac25578270cff1b9f619,0x1926576999c0d33ad4d6f5e2778f8191ad071c07,4793937593372250,,,,
52003437,2024-01-06 10:36:07,AAVE_SUPPLY,0x343889b8952b777c299666f987df516be8e4b00b8f688836168e43757f72a1c2,68,274,0x7ceb23fd6bc0add59e62ac25578270cff1b9f619,0xd0718ccc6ce5c280056ea1026ce640f65065ab22,273932422025692251,,,,
52003478,2024-01-06 10:37:39,AAVE_BORROW,0x6a58af7df514e0f722bc4b25d68304289d4ac6261947c23b3be6d22411f28ca1,34,158,0x7ceb23fd6bc0add59e62ac25578270cff1b9f619,0x266557abc87afd40582fc535fbb677ae5b993ea9,3341800000000000000,,,,
52003609,2024-01-06 10:42:17,AAVE_WITHDRAW,0x1340766f623f47d2f08ad5e859ac64197e343be7b8ecf7ad1161119356cda308,60,344,0x7ceb23fd6bc0add59e62ac25578270cff1b9f619,0xb0b589eea191e6594bbf592dddc046bcb48c3957,1000000000000000000,,,,
52003813,2024-01-06 10:50:03,AAVE_SUPPLY,0x3beeb743d21c498b5d4e5d794a6ff90098e4a9b685f950cd1d201559ddfc4701,88,426,0x7ceb23fd6bc0add59e62ac25578270cff1b9f619,0x686fd5913058933091842ebb505938a18d87021c,1000000000000000000,,,,
52003828,2024-01-06 10:50:35,AAVE_WITHDRAW,0xd661c6adbce0b883530f749f90f1cba6302dd6bab258e13ced38481e670a1a9d,87,414,0x7ceb23fd6bc0add59e62ac25578270cff1b9f619,0xc4aff49fced8ac1d818a6dcab063f9f97e66ec5e,36426800000000000,,,,
52004066,2024-01-06 10:59:01,AAVE_WITHDRAW,0xbcd382f98b822cd5a60810d028c1757fc097ed16298c8c319f886ebb8fc217a7,68,246,0x7ceb23fd6bc0add59e62ac25578270cff1b9f619,0xb0b589eea191e6594bbf592dddc046bcb48c3957,3047944651296255677,,,,
52004106,2024-01-06 11:01:09,AAVE_SUPPLY,0x189eedaeb199eb46700f1b572672fff5f6301011b2c3053391c93faca45094b1,143,647,0x7ceb23fd6bc0add59e62ac25578270cff1b9f619,0x686fd5913058933091842ebb505938a18d87021c,3047944651296255678,,,,
52004173,2024-01-06 11:03:46,AAVE_SUPPLY,0x7b47655ae46b5aad5ff148b1c436d2e4914eeffaccb6a2131f2b4b3120edcc47,62,316,0x7ceb23fd6bc0add59e62ac25578270cff1b9f619,0xa1b9d1ced65ec642ace67bd10874a445793388e7,98263257633368593,,,,
52004304,2024-01-06 11:09:30,AAVE_WITHDRAW,0x31c271f5bea43ace323687a70d870fd51f20bd33e9a184dbe07594c751527008,258,617,0x7ceb23fd6bc0add59e62ac25578270cff1b9f619,0xf221d4a60e5610c74b017ecb3eaef32ca61730fe,3420615637654507,,,,
52004366,2024-01-06 11:11:40,AAVE_REPAY,0xceca4070b5e0ece38a3a2b8f6c40c5dc637a4ba248f6a7490ec66b259e15d92d,63,199,0x7ceb23fd6bc0add59e62ac25578270cff1b9f619,0x19fcb0abb67dbeb847a7a5041975ced6bd915b5a,3884606072271137793,,,,0.0
52004379,2024-01-06 11:12:08,AAVE_SUPPLY,0x53e97536e4cd3ade8a9cdfa6d1a53d922f909af03bb83a7351e6260b22d3a5b0,52,172,0x7ceb23fd6bc0add59e62ac25578270cff1b9f619,0x04b917bff85f5400e87866111a3e46b4ed82e40d,10198876631821361348,,,,
52004487,2024-01-06 11:16:00,AAVE_REPAY,0xdfcfd47c6cd260806843674cd9c83b7ffeb46623e2cfe081867a2138ee3c54c5,57,279,0x7ceb23fd6bc0add59e62ac25578270cff1b9f619,0x19fcb0abb67dbeb847a7a5041975ced6bd915b5a,2997618044592420,,,,0.0
52004545,2024-01-06 11:18:04,AAVE_SUPPLY,0x2e4207d90d4583761b45f69dbcb2701b2d004ea9711de86b446a1893408998e9,25,99,0x7ceb23fd6bc0add59e62ac25578270cff1b9f619,0xb32b84494df2b99cae50683a4273cce4a21429bf,300000000000,,,,
52004577,2024-01-06 11:19:12,AAVE_WITHDRAW,0x1e698e29f8895a39dc9d95d830011b2ca5fc7e13eb5c8f4da61357b7aeab9ad6,105,1045,0x7ceb23fd6bc0add59e62ac25578270cff1b9f619,0xe3090207a2de94a856ea10a7e1bd36dd6145712b,89941230086796198,,,,
52004577,2024-01-06 11:19:12,AAVE_SUPPLY,0x1e698e29f8895a39dc9d95d830011b2ca5fc7e13eb5c8f4da61357b7aeab9ad6,105,1067,0x7ceb23fd6bc0add59e62ac25578270cff1b9f619,0x85244800dfca454c1be374f17d160b2b579afcf8,447049812342369,,,,
52004709,2024-01-06 11:24:24,AAVE_SUPPLY,0x7efdc4a9e757a7529b87227edf0e37361a0e5e29ea72f2b2ad710181b17e931e,119,554,0x7ceb23fd6bc0add59e62ac25578270cff1b9f619,0x2a38495a37552f0b019c3755d632d3b6f017ad02,1000000000000000,,,,
52004763,2024-01-06 11:26:18,AAVE_WITHDRAW,0x72627e66c48fa16d7822938935da8f45981b1a8c467036c970b5645514c75796,28,129,0x7ceb23fd6bc0add59e62ac25578270cff1b9f619,0x76c54cf89811d54c393aeceef2beeabf0bfbaae7,1322540521664143,,,,
52004781,2024-01-06 11:26:56,AAVE_REPAY,0x554f6551050bc8b0d0d44adbfe0ec4b22669017ccb455e9e41f54adae077942a,53,234,0x7ceb23fd6bc0add59e62ac25578270cff1b9f619,0x144a3cfc685ced2e4901478929fd952df82aab42,1471454752477616,,,,0.0
52004875,2024-01-06 11:30:16,AAVE_REPAY,0x20a304792e703704e7be819498084f45d9ffcbd7b634fcddf47ff15bb74f4426,58,340,0x7ceb23fd6bc0add59e62ac25578270cff1b9f619,0xb83f2d1b18f6f254ba53d23d25069c083d5b550c,1793496412328375,,,,0.0
52005216,2024-01-06 11:44:27,AAVE_BORROW,0x441fd04e92ce82949ec425dd9d3e990c77e544b2ab2be95858ddfbebc6d185ab,51,293,0x7ceb23fd6bc0add59e62ac25578270cff1b9f619,0xd207f60347da737184bc950f375cf6b2f67ee106,110000000000000000,,,,
52005256,2024-01-06 11:45:51,AAVE_REPAY,0x9b2fee26c24d43195a57f17230ad4b3a404ec20d34285290de6e38fca752f5ef,48,229,0x7ceb23fd6bc0add59e62ac25578270cff1b9f619,0xd207f60347da737184bc950f375cf6b2f67ee106,110000000000000000,,,,0.0
52005349,2024-01-06 11:49:09,AAVE_REPAY,0xeffbb999bc80ebf582d82871f904b1b16eb93d1fda67bf95d0aca2b365ca7dd2,18,70,0x7ceb23fd6bc0add59e62ac25578270cff1b9f619,0xae7853a2ab2d63e2d9804a4dd848a4c7f035ebff,19659683380485039,,,,0.0
52005526,2024-01-06 11:55:57,AAVE_SUPPLY,0x409b97ea5ec7a3de220879dc0be070012809430b49679fabff8383553a0bf09d,58,659,0x7ceb23fd6bc0add59e62ac25578270cff1b9f619,0x60a0d52252cee9b12095f35f909cf25cd59fb796,321627080081257842,,,,
52005660,2024-01-06 12:00:41,AAVE_SUPPLY,0xd15525e063b43083650d7dff427f0fe20b4337ef5b5719fcfa2e1e829361a172,32,153,0x7ceb23fd6bc0add59e62ac25578270cff1b9f619,0xa7a7ffe0520e90491e58c9c77f78d7cfc32d019e,740353368890,,,,
52005910,2024-01-06 12:11:09,AAVE_WITHDRAW,0x94844f4edf17fbf4f580dea69c5751c3768cb653bda5c6462a2c0cc6bb1264c6,69,277,0x7ceb23fd6bc0add59e62ac25578270cff1b9f619,0xb6a47f8ed6722b7ab9d7342e4d41f202b1401e40,463841874497062,,,,
52006103,2024-01-06 12:17:59,AAVE_SUPPLY,0x93a7149dceb096718f23db66888377c2e006d44a7fedaaea7422bfb553feaf5e,65,283,0x7ceb23fd6bc0add59e62ac25578270cff1b9f619,0x549a1652239df64dab643f3622488cfcc72375d4,102891864993761547,,,,
52006256,2024-01-06 12:23:57,AAVE_SUPPLY,0x50000af09a0fb61257686f4ba87a40d362770746642ac141ea698b8571cadd8e,109,458,0x7ceb23fd6bc0add59e62ac25578270cff1b9f619,0x549a1652239df64dab643f3622488cfcc72375d4,366820251329396448,,,,
52006315,2024-01-06 12:26:01,AAVE_WITHDRAW,0xedfa3237bdb8c41639dcb27f03da8a6e4214e2ae1a7c64058a51cf9ab676899c,65,268,0x7ceb23fd6bc0add59e62ac25578270cff1b9f619,0x25c494571d4763bf6723505f42598f57833f686c,1200000000000000000,,,,
52006443,2024-01-06 12:30:33,AAVE_SUPPLY,0x22d2a435fbb2db7a6123c1eda8d110c03915f9ba418660073bb7068133bb3009,54,199,0x7ceb23fd6bc0add59e62ac25578270cff1b9f619,0x549a1652239df64dab643f3622488cfcc72375d4,195010865880575498,,,,
52006503,2024-01-06 12:32:41,AAVE_BORROW,0x82966f8da3aecfd5e06144872e230b14814c2949cba323a096dfe1cc48ee2dd3,40,181,0x7ceb23fd6bc0add59e62ac25578270cff1b9f619,0x549a1652239df64dab643f3622488cfcc72375d4,300000000000000000,,,,
52006583,2024-01-06 12:35:47,AAVE_WITHDRAW,0x770c947034f3b3d925d535de1cae905a7afdad779032c435fa865806315245b9,132,681,0x7ceb23fd6bc0add59e62ac25578270cff1b9f619,0xe3090207a2de94a856ea10a7e1bd36dd6145712b,246820043602623071,,,,
52006616,2024-01-06 12:37:13,AAVE_WITHDRAW,0xd71a06b4d5dc7c7ff1213318a976bc12d9aa3ae953492d397c70b03304464362,68,305,0x7ceb23fd6bc0add59e62ac25578270cff1b9f619,0x9c7fbad18b1b87f49aef35aa59ecc3d20431a539,74663486524591,,,,
52006627,2024-01-06 12:37:45,AAVE_SUPPLY,0x828633b3312d89d488af259fadc9a0df486b1e761111b796e465ecea83797549,228,608,0x7ceb23fd6bc0add59e62ac25578270cff1b9f619,0x549a1652239df64dab643f3622488cfcc72375d4,300000000000000000,,,,
52006729,2024-01-06 12:41:45,AAVE_BORROW,0xa4864303ccf968fab56b9849c633942c23e544679a2c42074b54bf95cd3a3671,69,272,0x7ceb23fd6bc0add59e62ac25578270cff1b9f619,0x549a1652239df64dab643f3622488cfcc72375d4,270000000000000000,,,,
52006768,2024-01-06 12:43:09,AAVE_SUPPLY,0x28d446e94af3c750ee82a1c7458299b073ff248b21fea5904ba26414d2f46895,199,871,0x7ceb23fd6bc0add59e62ac25578270cff1b9f619,0xccbf724f3e68d78149029495f5c940505681155a,10000000000000000,,,,
52006802,2024-01-06 12:44:21,AAVE_REPAY,0x8d229f13ccc3feabd8ae4035f878af5c4e555e7c221da899c4131655c1604175,52,672,0x7ceb23fd6bc0add59e62ac25578270cff1b9f619,0x549a1652239df64dab643f3622488cfcc72375d4,570000154039689022,,,,1.0
52006814,2024-01-06 12:44:45,AAVE_BORROW,0xdb6f6c8d5c0a097bdec6a2fb59e9812d333bb086481c4022d8dbcdcb7aabf19e,5,26,0x7ceb23fd6bc0add59e62ac25578270cff1b9f619,0xc258d51d09bbfb9d99365e95d16d197a78469128,1500000000000000000,,,,
52006840,2024-01-06 12:45:41,AAVE_WITHDRAW,0x06f886ac73c1520697890b01caeb360e6ca4154901cb8370bc71ca899162a3b9,61,268,0x7ceb23fd6bc0add59e62ac25578270cff1b9f619,0x549a1652239df64dab643f3622488cfcc72375d4,300692815178334112,,,,
52006844,2024-01-06 12:45:49,AAVE_SUPPLY,0x355f493ca7fc80a787b914a0e705bea31c97b8cb7a77ee2d77188ceaa82bc776,67,284,0x7ceb23fd6bc0add59e62ac25578270cff1b9f619,0x67ec8f6695db86dd0cb1a5649517e072495706c7,9875182149984204,,,,
52006852,2024-01-06 12:46:07,AAVE_WITHDRAW,0xe48aad048cfc5de4f0af62d85606c69664fac9bc17a36192d1e8a3838cd6624a,135,993,0x7ceb23fd6bc0add59e62ac25578270cff1b9f619,0xd49b299c03b9a41b01acec63aa6f1eb695c5e5f6,2000000000000000000,,,,
52006880,2024-01-06 12:47:07,AAVE_BORROW,0x63e255b4e8f8dc567f00e4dbdf201ec5f2d46e8c8633be1895cc1704d1268239,41,273,0x7ceb23fd6bc0add59e62ac25578270cff1b9f619,0xc258d51d09bbfb9d99365e95d16d197a78469128,1250000000000000000,,,,
52006931,2024-01-06 12:48:55,AAVE_BORROW,0x08b9c054066ef2f0bd61b9e220367910391882c63d2658c8fa79c4ea245628ce,15,63,0x7ceb23fd6bc0add59e62ac25578270cff1b9f619,0xc258d51d09bbfb9d99365e95d16d197a78469128,1150000000000000000,,,,
52007035,2024-01-06 12:53:07,AAVE_BORROW,0xf9be26bf1797197179f62c27a4464189715a5c8f511ca498b42029d3bb3a619e,14,44,0x7ceb23fd6bc0add59e62ac25578270cff1b9f619,0xc258d51d09bbfb9d99365e95d16d197a78469128,1000000000000000000,,,,
52007111,2024-01-06 12:55:49,AAVE_BORROW,0x223d4df3990b96d1e5cf8c5c8c885cf49e2c7951674bad601dbc79fbcf8082b6,10,31,0x7ceb23fd6bc0add59e62ac25578270cff1b9f619,0xc258d51d09bbfb9d99365e95d16d197a78469128,1000000000000000000,,,,
52007248,2024-01-06 13:00:41,AAVE_WITHDRAW,0x2f9f2b3b491feafbe5e55e2344a8e8b4d376324074bfb19b3923327e72d83c67,16,83,0x7ceb23fd6bc0add59e62ac25578270cff1b9f619,0xc4aff49fced8ac1d818a6dcab063f9f97e66ec5e,2566374308963316,,,,
52007313,2024-01-06 13:02:59,AAVE_WITHDRAW,0xdd6150077097062303ac6fdc7193e0038fe529de7c90e0fc1fc7bd77e4caf3ac,75,356,0x7ceb23fd6bc0add59e62ac25578270cff1b9f619,0xccbf724f3e68d78149029495f5c940505681155a,10000001390510296,,,,
52007468,2024-01-06 13:08:29,AAVE_SUPPLY,0x0865e28651e8acf17ff726446178d035688e794a36094910ae64b4f6b5f77fb9,58,295,0x7ceb23fd6bc0add59e62ac25578270cff1b9f619,0x1618a38c8ae48df4f54a3ca922c7115ab3428097,102499863702890848,,,,
52007693,2024-01-06 13:16:27,AAVE_SUPPLY,0x1d5a71f116a0ef9706a5bf163f756e4374068fffe4e1a174e945763e40d10d0b,67,432,0x7ceb23fd6bc0add59e62ac25578270cff1b9f619,0x58b8af340bbad6a144ca0396ed7e5de0454d5e04,8275845523951975,,,,
52007747,2024-01-06 13:18:23,AAVE_WITHDRAW,0x4b4a3343caf45b1027858a3ad636d9eb3056da2cac623d51ac1ca416eee9bf9a,94,522,0x7ceb23fd6bc0add59e62ac25578270cff1b9f619,0xc0b620112431fb2a2838a8ae4851de2505aa0e00,1000000000000000000,,,,
52007812,2024-01-06 13:21:13,AAVE_SUPPLY,0xa8768cd59359118c1d0b092c8a81bae2f4cceb9d54b6725b89259b7928e36791,40,182,0x7ceb23fd6bc0add59e62ac25578270cff1b9f619,0x8e4829007de029a6c76c6b371939047ea123e4fa,372371631265934436,,,,
52007853,2024-01-06 13:22:39,AAVE_WITHDRAW,0xd056eb45afe0aee8a059674320f9bcaadab5ce3f7c17e63727d29dcda0741a0e,33,165,0x7ceb23fd6bc0add59e62ac25578270cff1b9f619,0xc4aff49fced8ac1d818a6dcab063f9f97e66ec5e,372371635008516209,,,,
52007931,2024-01-06 13:25:25,AAVE_BORROW,0xc3f29c51b3630fb9897a96df4eb53c7b5c9f1a4f5b3112ea75bf462820fdfc7b,41,183,0x7ceb23fd6bc0add59e62ac25578270cff1b9f619,0x2faf55a544c5f73666438bc185aecc9d685e6e3c,300000000000000000,,,,
52008299,2024-01-06 13:38:27,AAVE_SUPPLY,0x6256b6b9fe3336ac5be70e8119e1c5a21275d52a6649904c613a800980849aaf,78,421,0x7ceb23fd6bc0add59e62ac25578270cff1b9f619,0x1dc6074361a3cddee55a61c92bcf7de1667e1096,11531232817331476298,,,,
52008309,2024-01-06 13:38:49,AAVE_BORROW,0xa64962b9f92bd9edbe8e78f516241b1b7c99e596eedc9d1f4561bdc2577d96c6,62,257,0x7ceb23fd6bc0add59e62ac25578270cff1b9f619,0x889bbf70b41b1d9f22ac9afcb5039951decbbfd4,22000000000000000,,,,
52008316,2024-01-06 13:39:03,AAVE_WITHDRAW,0x913808750033458551c076081a9c6b7aea700327ddd949108a149d16414035ae,60,256,0x7ceb23fd6bc0add59e62ac25578270cff1b9f619,0xfbc5985e27f667d086262ecbbf09b39c158158a3,617156626183326180,,,,
52008484,2024-01-06 13:45:02,AAVE_SUPPLY,0xeecc390a20ab446e3e8894e6eca31e3f0e831a94ec6d41c1e4023e6c69dafd7f,48,260,0x7ceb23fd6bc0add59e62ac25578270cff1b9f619,0x8e4829007de029a6c76c6b371939047ea123e4fa,3361329087285546535,,,,
52008558,2024-01-06 13:47:38,AAVE_SUPPLY,0xd272c9f4671e4bf6a569c53f0be0f99e9fcf54469d07f9011d6a517e2f2e1fb7,60,1196,0x7ceb23fd6bc0add59e62ac25578270cff1b9f619,0xd2e504d8c2e9f4cc3b0361ec7b2eb0dedc22a8e5,36606425504376834,,,,
52008573,2024-01-06 13:48:38,AAVE_WITHDRAW,0x93c960ae2548148eaa992ad5555da5ca71da61f98f1c9a73d0a626e0bd2c94b9,86,395,0x7ceb23fd6bc0add59e62ac25578270cff1b9f619,0xc4aff49fced8ac1d818a6dcab063f9f97e66ec5e,3361329172076170280,,,,
52008602,2024-01-06 13:49:46,AAVE_REPAY,0x8a5b295202c870d4739c768fcc36297beb82467881d7d1505999dc859713a196,73,320,0x7ceb23fd6bc0add59e62ac25578270cff1b9f619,0x889bbf70b41b1d9f22ac9afcb5039951decbbfd4,22000008833998403,,,,0.0
52008657,2024-01-06 13:51:44,AAVE_WITHDRAW,0x42a0cd5bf72ebc42db71695dcb9200dae0b4acefeb4c0c3e68ea08e9f22a9aff,95,412,0x7ceb23fd6bc0add59e62ac25578270cff1b9f619,0xe3090207a2de94a856ea10a7e1bd36dd6145712b,2235617952182525,,,,
52008712,2024-01-06 13:53:46,AAVE_WITHDRAW,0x538511492524e2d4e113a105a5a7adb1845cacd95bc3a8cabb3cb01464160f43,31,166,0x7ceb23fd6bc0add59e62ac25578270cff1b9f619,0x4ad41b780af5a7bf7552cf8e090f825734e6074f,620110438675162913,,,,
52008715,2024-01-06 13:53:52,AAVE_REPAY,0xe48a22bf56530cb6c964301b95693ac1d6f78da750f7b428b3967cc75c5b8ca4,32,115,0x7ceb23fd6bc0add59e62ac25578270cff1b9f619,0x8bb0263ad3285da28c8f9a3f7f8700874d2fbea7,1024246221089030968,,,,0.0
52008861,2024-01-06 13:59:03,AAVE_SUPPLY,0x940d0df45ee36d66bea34cc2e04a6abfc3e231b0fd4df2c4b02a8d99ac509f32,77,342,0x7ceb23fd6bc0add59e62ac25578270cff1b9f619,0x48e7d74810b0950ef03232468ec294a1a14e2e23,5546334843514963782,,,,
52009033,2024-01-06 14:05:09,AAVE_WITHDRAW,0x049199ff90a11777a173335eed4853ac97df4b78e491059915e0a32d90681573,60,191,0x7ceb23fd6bc0add59e62ac25578270cff1b9f619,0x1dc6074361a3cddee55a61c92bcf7de1667e1096,11531234975177986393,,,,
52009055,2024-01-06 14:05:55,AAVE_SUPPLY,0xbfd637e472a7e1945e329ae8eee04c8977dfcf59976f54c7cf01c77ba0d7ed60,44,176,0x7ceb23fd6bc0add59e62ac25578270cff1b9f619,0x6d6caeecc22340bd4f98a34b642edb403b451dbf,4779156881384340,,,,
52009122,2024-01-06 14:08:19,AAVE_REPAY,0x8f80f201c277890c73f69603e0636314d3f127dd51d7235a8135eec084a5b150,44,880,0x7ceb23fd6bc0add59e62ac25578270cff1b9f619,0x1dc6074361a3cddee55a61c92bcf7de1667e1096,11531234975177986393,,,,0.0
52009187,2024-01-06 14:10:37,AAVE_WITHDRAW,0x683d39ba8794f8022d933f6783b5b4289e5c76f22534a191fd4a655067dd8ff4,98,357,0x7ceb23fd6bc0add59e62ac25578270cff1b9f619,0xe3090207a2de94a856ea10a7e1bd36dd6145712b,89251948554052434,,,,
52009187,2024-01-06 14:10:37,AAVE_SUPPLY,0x683d39ba8794f8022d933f6783b5b4289e5c76f22534a191fd4a655067dd8ff4,98,380,0x7ceb23fd6bc0add59e62ac25578270cff1b9f619,0xd68d601b4a8a0e782f7a2a36f93c7aada89f17aa,444039545045037,,,,
52009246,2024-01-06 14:12:43,AAVE_SUPPLY,0x96b9b6d25cbebda3d56eb890672d11420155668b355841df80c6bd4eb4e5430a,110,470,0x7ceb23fd6bc0add59e62ac25578270cff1b9f619,0xfe9cbafb1e5a98ed203f27a02621fba8e464b638,67736745164212,,,,
52009320,2024-01-06 14:15:21,AAVE_SUPPLY,0x8f878fa9b3e5c5539fcd5dd25d9365ebb675f0624689cbcc83a566896ce52428,72,309,0x7ceb23fd6bc0add59e62ac25578270cff1b9f619,0x58b8af340bbad6a144ca0396ed7e5de0454d5e04,15417250000000000,,,,
52009375,2024-01-06 14:18:06,AAVE_SUPPLY,0xea3d43385fbeff4a46a212d0d1ac049fd3b226f33e5871dedc2c4dfe65bd229e,90,339,0x7ceb23fd6bc0add59e62ac25578270cff1b9f619,0x8e4829007de029a6c76c6b371939047ea123e4fa,2962097773646441860,,,,
52009381,2024-01-06 14:18:20,AAVE_WITHDRAW,0x1c0ceebfe640974babccaf24c1fd049238f069f9f633bddf2bb0215aa87e2456,61,289,0x7ceb23fd6bc0add59e62ac25578270cff1b9f619,0xc4aff49fced8ac1d818a6dcab063f9f97e66ec5e,93625960093237394829,,,,
52009412,2024-01-06 14:19:28,AAVE_SUPPLY,0x331a77850cd30a90a8c1c3b535a47a86ea2ec956b8dcd14738674471fd18db58,54,272,0x7ceb23fd6bc0add59e62ac25578270cff1b9f619,0xbb880e6bef12523b5ee1b7c5c57246fe0d96a99a,203757690703638792,,,,
52009421,2024-01-06 14:19:46,AAVE_WITHDRAW,0xe7e03b939bb10d8536ad81854830330d0c00355bd56b413a1bd0a714c47df309,89,389,0x7ceb23fd6bc0add59e62ac25578270cff1b9f619,0xe3090207a2de94a856ea10a7e1bd36dd6145712b,232890208670722879,,,,
52009421,2024-01-06 14:19:46,AAVE_SUPPLY,0xe7e03b939bb10d8536ad81854830330d0c00355bd56b413a1bd0a714c47df309,89,409,0x7ceb23fd6bc0add59e62ac25578270cff1b9f619,0xd68d601b4a8a0e782f7a2a36f93c7aada89f17aa,1155504821781149,,,,
52009425,2024-01-06 14:19:56,AAVE_WITHDRAW,0x1b27a21f23e884f7817933451dfbb78039cb82045e852c4b9593375504abbd18,105,547,0x7ceb23fd6bc0add59e62ac25578270cff1b9f619,0xc4aff49fced8ac1d818a6dcab063f9f97e66ec5e,2962103249411431285,,,,
52009440,2024-01-06 14:20:28,AAVE_REPAY,0xddf6c7923104581fe49a0bb8b2f6af4b021eeaa58fe8bef6b346ab674a093e0b,110,498,0x7ceb23fd6bc0add59e62ac25578270cff1b9f619,0x156e4293477d4371ce37eed4ba084b609e841bcc,36000000000002527,,,,0.0
52009453,2024-01-06 14:20:54,AAVE_SUPPLY,0x763e21e4a9109332d999797d8deb104ca1a0a672252daa1098216ce4756d6eb3,46,183,0x7ceb23fd6bc0add59e62ac25578270cff1b9f619,0x895612715f6debe8389b28ea4bba01fd0403f895,3772136297194671,,,,
52009463,2024-01-06 14:21:16,AAVE_WITHDRAW,0xcbb94699209c9cd74fcd15b7b5d0aca2658d34e87dad5f075fcdbe16c1287be1,65,250,0x7ceb23fd6bc0add59e62ac25578270cff1b9f619,0xd68d601b4a8a0e782f7a2a36f93c7aada89f17aa,160984515274516283,,,,
52009585,2024-01-06 14:25:37,AAVE_WITHDRAW,0x4ae5a61eae3505e80ee7e21abcbb6dc4fe24f9663a654cca9a227da2bfc1fdeb,222,881,0x7ceb23fd6bc0add59e62ac25578270cff1b9f619,0x1ca2b3af4f388a61d869fef68b24314899c510f8,852482746623267,,,,
52009591,2024-01-06 14:25:49,AAVE_SUPPLY,0x911aa4bc3d982ea798261f275cea866627ad416f1e14b3ab13aeab7c1c6effbb,84,363,0x7ceb23fd6bc0add59e62ac25578270cff1b9f619,0xdf429a70ce4630efc30a534a7afef4ee567fa974,20040526397826720,,,,
52009634,2024-01-06 14:27:21,AAVE_WITHDRAW,0x6de00b14ddb0d35b826d129f132e10d7fba3f9cfcd54045265063e8bac79d4f5,89,413,0x7ceb23fd6bc0add59e62ac25578270cff1b9f619,0xc4aff49fced8ac1d818a6dcab063f9f97e66ec5e,400200000000000000,,,,
52009654,2024-01-06 14:28:03,AAVE_SUPPLY,0x8833799e6404d94c7311b1bb210c519a3da7c7451f6213f920b2d2014f1d3ef0,97,452,0x7ceb23fd6bc0add59e62ac25578270cff1b9f619,0x149a3e62da0e780aed16845711d1b4b6f890f157,763535513811027,,,,
52009724,2024-01-06 14:30:31,AAVE_WITHDRAW,0x7055ce9dd80f57c3c99200d54f58dc56307ef9d81deb89e8fd49d10524712284,79,421,0x7ceb23fd6bc0add59e62ac25578270cff1b9f619,0x94294e3f1051a8585d2650d27a7d0a7b83aba934,102678364946446622,,,,
52009779,2024-01-06 14:32:29,AAVE_WITHDRAW,0x2d6556a8f6a3df1a6bcc7018940c0675714f21381fac56136cc77816a8da0e9c,69,309,0x7ceb23fd6bc0add59e62ac25578270cff1b9f619,0x4f13fb0dd3d43a4511c1c6ef49569287ee968ae5,94491110706411448,,,,
52009938,2024-01-06 14:38:07,AAVE_SUPPLY,0xfc462a854b1b1cef6a492223496af563efed1692419a39ef877596e8859527e3,69,257,0x7ceb23fd6bc0add59e62ac25578270cff1b9f619,0xd7de414cddc051d2bf1c561ab0361343685c4432,757494247572667,,,,
52009942,2024-01-06 14:38:15,AAVE_SUPPLY,0xe27d7afd21b2149607961319c0b28d625f8927ddbb656021bdd38a10dc346fa2,57,267,0x7ceb23fd6bc0add59e62ac25578270cff1b9f619,0x94294e3f1051a8585d2650d27a7d0a7b83aba934,67888372585374766,,,,
52009954,2024-01-06 14:38:41,AAVE_WITHDRAW,0xedf860598bb35ca35500442b1337248730621f5c3ddcec3ae7ad6e22c4808d58,48,301,0x7ceb23fd6bc0add59e62ac25578270cff1b9f619,0x94294e3f1051a8585d2650d27a7d0a7b83aba934,67888372792087426,,,,
52010011,2024-01-06 14:40:41,AAVE_SUPPLY,0x58eda04ec8bb38a3047a3af3c97b5c5d0be87d83392578360bedcdf47abed836,64,290,0x7ceb23fd6bc0add59e62ac25578270cff1b9f619,0xa77c69271b48079d1bb4c9b5d8be9e0b46fe7106,9292704454555293879,,,,
52010028,2024-01-06 14:41:21,AAVE_WITHDRAW,0x33dc2a1640f04612c8fb9d015b737944ad4a1b28192417312ecfc980f8fed67a,53,289,0x7ceb23fd6bc0add59e62ac25578270cff1b9f619,0xc4aff49fced8ac1d818a6dcab063f9f97e66ec5e,240120000000000000,,,,
52010078,2024-01-06 14:43:07,AAVE_SUPPLY,0x1a6e7b25f030956a51ce42a04f34d5d1b47cd6905e9ee35e76f953624b8545ec,100,488,0x7ceb23fd6bc0add59e62ac25578270cff1b9f619,0x4ff28ca71a88f7f4924a5bb21dbcf9a7992eb991,22269626949492966,,,,
52010091,2024-01-06 14:43:35,AAVE_SUPPLY,0x7383cc5dad782d5ef7420d1e4316de26dbcc4fc71b853c4248481a00c1b7ef3b,79,357,0x7ceb23fd6bc0add59e62ac25578270cff1b9f619,0x371ec955ee2826ae730df256067d5ab6faa5f0c3,240347835242018101,,,,
52010397,2024-01-06 14:54:58,AAVE_SUPPLY,0x28ab566bff9e57431dbc9ab3bdfd5dbb39d1a915843529076ffefc0b9c61f2b7,53,294,0x7ceb23fd6bc0add59e62ac25578270cff1b9f619,0x6a9fd3fbce86d1ba217288c1c9303649091b7729,300000000000000,,,,
52010424,2024-01-06 14:55:59,AAVE_REPAY,0x0aba1571a8aef5134a4dafc1b706ddd23faa186f3e36907459c8e8e365161270,71,285,0x7ceb23fd6bc0add59e62ac25578270cff1b9f619,0x1dc6074361a3cddee55a61c92bcf7de1667e1096,43911314062849075099,,,,0.0
52010455,2024-01-06 14:57:05,AAVE_SUPPLY,0x91e5b058c2f2999d317575ce7ed5e7a89b0ce2a55c3c09950428f01d843dc8ab,34,138,0x7ceb23fd6bc0add59e62ac25578270cff1b9f619,0xd32d5b54e779edb2ecb683117e4dc2ad0085b9bd,334281550388962,,,,
52010550,2024-01-06 15:00:27,AAVE_SUPPLY,0x05efa11bba431a6d92048ba78d05d26d96f575e37c4675fd9057fcc1bf56d919,75,309,0x7ceb23fd6bc0add59e62ac25578270cff1b9f619,0x5ae8ec3fdcfbc2dcefd54b3943b793e26e28f8b7,123354310238512171,,,,
52010595,2024-01-06 15:02:03,AAVE_WITHDRAW,0x98f9b06b1f6611f65c0eccff8f0dc96709f31c79bbf48c01605f949f01ba29d9,28,103,0x7ceb23fd6bc0add59e62ac25578270cff1b9f619,0x7bccb5565affe6f46ad13c325175d6738788c15a,103775000000000000,,,,
52010779,2024-01-06 15:08:33,AAVE_WITHDRAW,0x5ee04fc647b223222deeec4b25093ee9b6fd5c915675c1bf9bbf38ff3fe30e70,68,358,0x7ceb23fd6bc0add59e62ac25578270cff1b9f619,0x51a3067f71e0897b0bb37fa22face6146ed78bbd,4271150249385872,,,,
52010928,2024-01-06 15:14:02,AAVE_WITHDRAW,0xc1fd9d31e316d6e070c138ea297f1ce70e675b1e0232a2763d15d37668c52008,48,228,0x7ceb23fd6bc0add59e62ac25578270cff1b9f619,0xa70c8401c058b6198e1cb085091de13498cec0dc,4469283064525815,,,,
52010946,2024-01-06 15:14:40,AAVE_SUPPLY,0xa20e2d480c08ee415f3c8e1dcfc0399bc5fd791a7300c3ec6fd2fddff6aadec4,47,249,0x7ceb23fd6bc0add59e62ac25578270cff1b9f619,0xd7de414cddc051d2bf1c561ab0361343685c4432,2500000000000000,,,,
52010996,2024-01-06 15:16:58,AAVE_SUPPLY,0xe2a7e2b56b081ef009a5e96eb2f5b8975ff4f6272a8652b9526962b31c9f936c,49,437,0x7ceb23fd6bc0add59e62ac25578270cff1b9f619,0x149a3e62da0e780aed16845711d1b4b6f890f157,2800000000000000,,,,
52011161,2024-01-06 15:22:48,AAVE_SUPPLY,0x98817b522b25d7e55ac7f26ad2c13fbe9d9ef859a784e535bccf31cc383f9e5d,72,277,0x7ceb23fd6bc0add59e62ac25578270cff1b9f619,0xe6e3e7623cf6a25d21012ddd5f9263fc4cfca6d0,667657434807292338,,,,
52011450,2024-01-06 15:33:05,AAVE_SUPPLY,0x8ca78db2f43b524d902e37232e32478d0fb1be1e7c56b9298cecc9d4611134de,82,352,0x7ceb23fd6bc0add59e62ac25578270cff1b9f619,0x59ef06e5557f1e472e13b31531ad6b5bc4dd6ebc,705446216620595,,,,
52011510,2024-01-06 15:35:13,AAVE_SUPPLY,0xb030efd62523df5e3aa3220df196aa08403afcc4b86fdd3cb3bed2dc6dfb27b6,104,531,0x7ceb23fd6bc0add59e62ac25578270cff1b9f619,0x250edbc0d321792e4f01d5c6cd756c957dc7e023,340951927829875,,,,
52011750,2024-01-06 15:43:53,AAVE_SUPPLY,0xe78e058a893941e9000e86778c64227ce11c045e229291f7b2961cb6714e2ee2,84,363,0x7ceb23fd6bc0add59e62ac25578270cff1b9f619,0x3844597c2b75e8510d8895173addc28dd995fa45,2064208855469212,,,,
52011758,2024-01-06 15:44:09,AAVE_SUPPLY,0xb19b828d2973ce9e590534aee8812e9a8136bb4ca94aeed4c80e10d7ec06ef50,99,397,0x7ceb23fd6bc0add59e62ac25578270cff1b9f619,0x6437a956af29c5806ef36e6d487f99a7ab863be9,100000000000000,,,,
52011823,2024-01-06 15:46:59,AAVE_SUPPLY,0xfcf53647d2ab7f9ff755e6a6d6a33e3b35dc9449f3bdbe88ec3296f963bbdd61,77,354,0x7ceb23fd6bc0add59e62ac25578270cff1b9f619,0x103f7da7f372b815b0bd6341a4a0b75449b75479,8510018361056521,,,,
52012078,2024-01-06 15:56:14,AAVE_WITHDRAW,0x94d9fd4e5ee24d6530119a242d250a2cb3b7456b9479612b9e700be237524c97,60,359,0x7ceb23fd6bc0add59e62ac25578270cff1b9f619,0xe3090207a2de94a856ea10a7e1bd36dd6145712b,71241429923993078,,,,
52012078,2024-01-06 15:56:14,AAVE_SUPPLY,0x94d9fd4e5ee24d6530119a242d250a2cb3b7456b9479612b9e700be237524c97,60,381,0x7ceb23fd6bc0add59e62ac25578270cff1b9f619,0xf57d69f90ce9d4b320227472821086d3c52a28b3,354434974746234,,,,
52012201,2024-01-06 16:00:43,AAVE_SUPPLY,0xfe38ce00dc408545c85a0cf67cd735e77b05d6e6ba16573f5b7056356ea6f86d,69,284,0x7ceb23fd6bc0add59e62ac25578270cff1b9f619,0xa7a7ffe0520e90491e58c9c77f78d7cfc32d019e,740379649657,,,,
52012221,2024-01-06 16:01:25,AAVE_WITHDRAW,0x38217b5b79da3db01ce91300e1db221d2ad7caf89a0acafaeb652a89b8d7634d,71,297,0x7ceb23fd6bc0add59e62ac25578270cff1b9f619,0xc4aff49fced8ac1d818a6dcab063f9f97e66ec5e,100000000000000000,,,,
52012272,2024-01-06 16:03:15,AAVE_REPAY,0x362c80f6b9b80ec78bbdc627334dcc4b8bd1340945372b34615d79fa8034d54f,88,550,0x7ceb23fd6bc0add59e62ac25578270cff1b9f619,0x50dbca1223169a2aebfd757d994fd7246c8865c1,9000000000000000000,,,,0.0
52012338,2024-01-06 16:05:40,AAVE_SUPPLY,0xb93617d84221467677267872e803970fc25c524f1ac3c4bc1ed0d99e861bdd20,75,373,0x7ceb23fd6bc0add59e62ac25578270cff1b9f619,0x0ffad609d35c4bef104ee245a9c4c891d463aa2a,8000000000000000000,,,,
52012350,2024-01-06 16:06:04,AAVE_REPAY,0x5343d6c06295863a476ea9f7c96c0d4aa8c495cf1354a794edd45f7916337572,67,282,0x7ceb23fd6bc0add59e62ac25578270cff1b9f619,0x50dbca1223169a2aebfd757d994fd7246c8865c1,7289360054174633027,,,,0.0
52012384,2024-01-06 16:07:18,AAVE_WITHDRAW,0x5362afb9a82793a7f97eeeeb1e9f41b703976bdcffea12e3dfaf8fa6dd563240,132,599,0x7ceb23fd6bc0add59e62ac25578270cff1b9f619,0xc4aff49fced8ac1d818a6dcab063f9f97e66ec5e,10000000000000000,,,,
52012440,2024-01-06 16:09:16,AAVE_SUPPLY,0x683b6491d750665378795e5df1a83f9994bddc73a36c7f3c06dd1bf1f2ea3d84,57,243,0x7ceb23fd6bc0add59e62ac25578270cff1b9f619,0xf2bbf10b96bb0f8a554f76047627fd8336e411b5,54774455397985051,,,,
52012505,2024-01-06 16:11:34,AAVE_SUPPLY,0x339b47abacfb0f4b833a29a51cb01c936bab34668bd1b6df0318250a51cbcd1b,86,431,0x7ceb23fd6bc0add59e62ac25578270cff1b9f619,0x50dbca1223169a2aebfd757d994fd7246c8865c1,21712705079022637096,,,,
52012516,2024-01-06 16:11:58,AAVE_SUPPLY,0xc60585225b484235fa2535dacb40f6e1ea1f477f6fd1ae0f5dc8fb67f0559b5d,101,430,0x7ceb23fd6bc0add59e62ac25578270cff1b9f619,0xf2bbf10b96bb0f8a554f76047627fd8336e411b5,110145942796614730,,,,
52012552,2024-01-06 16:13:16,AAVE_WITHDRAW,0x1d76ed88588bb987d27f01eac41bfa2ec54df20fdcc22e83e66a4112b917bfec,209,859,0x7ceb23fd6bc0add59e62ac25578270cff1b9f619,0xf2bbf10b96bb0f8a554f76047627fd8336e411b5,654954638942347890,,,,
52012570,2024-01-06 16:14:16,AAVE_SUPPLY,0x37bea3c4ee0fe9eeb02cb4edbc46cdb7be430def7c09c545e900e3f9e7d9800b,120,529,0x7ceb23fd6bc0add59e62ac25578270cff1b9f619,0x8b3177a76361e35c21eae8c391d79acdf90bbeb1,974068107429792303,,,,
52012594,2024-01-06 16:15:18,AAVE_SUPPLY,0xfe88818f9e0bca5491a3b52a9da2c0f750351f0de36c44191ed2d4eebc5a5ee1,61,251,0x7ceb23fd6bc0add59e62ac25578270cff1b9f619,0x50dbca1223169a2aebfd757d994fd7246c8865c1,1000049971096217988,,,,
52012613,2024-01-06 16:15:58,AAVE_REPAY,0x4ba81ea87b4df67a51aa4dc7b7332349978d9604a3959c5ec376cd2a5ccb870d,94,2931,0x7ceb23fd6bc0add59e62ac25578270cff1b9f619,0xbc2e07a461ef6194545c4bbad0e3f64679331ea9,10000000000000000,,,,0.0
52012679,2024-01-06 16:18:18,AAVE_REPAY,0xf447afbe8e19707d6616de1214085512cd86f161275154a404aae993d96a73fd,72,209,0x7ceb23fd6bc0add59e62ac25578270cff1b9f619,0x1dc6074361a3cddee55a61c92bcf7de1667e1096,12206874180206673270,,,,0.0
52012758,2024-01-06 16:21:18,AAVE_BORROW,0x3afde940f94a33b832136698fb3a115647ba7b90f9ff4c628abe92fef1a86790,88,983,0x7ceb23fd6bc0add59e62ac25578270cff1b9f619,0xb83ad7d7efe3fc000a6344c73b3e4407a734d1a8,98940411935006371,,,,
52013001,2024-01-06 16:30:00,AAVE_SUPPLY,0xbaf753e0d1f9f9bd7d08fe733ef0e0b5aff4e4a729ba6bcbd2cc72320450c8ba,59,262,0x7ceb23fd6bc0add59e62ac25578270cff1b9f619,0xfaf9c45c65e646a43bd5c79701447ea934a6fdf0,445628023030944520,,,,
52013288,2024-01-06 16:40:44,AAVE_SUPPLY,0xdd7968d2da8a9acd8d3bf96d68486a50b20cc6aa661e10bb6c8c58501ab60d00,72,320,0x7ceb23fd6bc0add59e62ac25578270cff1b9f619,0x5ae8ec3fdcfbc2dcefd54b3943b793e26e28f8b7,44389443635821657,,,,
52013424,2024-01-06 16:46:06,AAVE_SUPPLY,0xb8b01ddc1e344e7903eb0d7fdcaa8101087b24af592b503008194ff45a9fee3b,21,55,0x7ceb23fd6bc0add59e62ac25578270cff1b9f619,0xf5e34ee31da98e6cecb7d4cb6255854a72641f5b,91331829034761333,,,,
52013524,2024-01-06 16:49:48,AAVE_WITHDRAW,0x7bb4b04d5ea8587e25b0833ab62b1836ed74a7a88a2efdaff2427280732d1103,136,788,0x7ceb23fd6bc0add59e62ac25578270cff1b9f619,0x9fbbedddb5d7af1ba9fb24a29665cbb51829e080,330000000000000000,,,,
52013723,2024-01-06 16:57:44,AAVE_SUPPLY,0x36c09ba7469b2420b0bf380339a40b95067cde87b9c6b49c8325c79e7781321a,60,263,0x7ceb23fd6bc0add59e62ac25578270cff1b9f619,0xd84c60bc081bdddb5e93c53ac495bf3df996a356,7354608171987097,,,,
52013761,2024-01-06 16:59:06,AAVE_SUPPLY,0x6e1cbd69bf5677e92089791da474cde32cf40864fe331ff5bde64b6b407df053,178,1107,0x7ceb23fd6bc0add59e62ac25578270cff1b9f619,0xbcc9b1ba3374f4a65bbd1848c0db1c7f78f32a1a,2220077019812614406,,,,
52013809,2024-01-06 17:00:48,AAVE_BORROW,0xc1df984468cb290bc0b9c7cd81064dffc44e4c3f5e52ef601e1f341b0ad41a34,106,1411,0x7ceb23fd6bc0add59e62ac25578270cff1b9f619,0xbb925456d1215c03ed1b8aaafff9ae2672426526,11535016961844764,,,,
52013809,2024-01-06 17:00:48,AAVE_REPAY,0xc1df984468cb290bc0b9c7cd81064dffc44e4c3f5e52ef601e1f341b0ad41a34,106,1418,0x7ceb23fd6bc0add59e62ac25578270cff1b9f619,0xbb925456d1215c03ed1b8aaafff9ae2672426526,11523493468377,,,,0.0
52013810,2024-01-06 17:00:50,AAVE_SUPPLY,0xcbfd451f199a80fda167fabafd0e065fad8f8d3c1b479dc29d83d1e9b18b38fd,34,127,0x7ceb23fd6bc0add59e62ac25578270cff1b9f619,0xd7174a34aefe75d5c92bf31f4e13485afb172043,474609118651750283,,,,
52013813,2024-01-06 17:00:56,AAVE_WITHDRAW,0xd9573d059cf124c669e72848ee41ef5aa2db6ab3882cae57641169b4f6e27e70,52,234,0x7ceb23fd6bc0add59e62ac25578270cff1b9f619,0x4e8366ddc9862e863621cd7842b677938eab3097,1369400000000000000,,,,
52013922,2024-01-06 17:04:48,AAVE_REPAY,0x52ac67d6de66bf52bbfeae160c00904169d824a501fa1d1daaa148f06acf4199,47,208,0x7ceb23fd6bc0add59e62ac25578270cff1b9f619,0x51e7d16568491ddf27a27960defddfa4fca91c42,149720601087245579,,,,0.0
52014090,2024-01-06 17:11:38,AAVE_SUPPLY,0x148229d0d98629f6c9062c7f92beaa6507b2260debcc1e3f9d9f186c007eb353,105,464,0x7ceb23fd6bc0add59e62ac25578270cff1b9f619,0x7ed66698739139c1a9e945c249dcff6431c2dccf,618526800462573314,,,,
52014206,2024-01-06 17:15:54,AAVE_SUPPLY,0xecbe990e8e306813df29497fc831d6e540e9fdd614cc04eadaf6f08b77a08e69,69,355,0x7ceb23fd6bc0add59e62ac25578270cff1b9f619,0x44d91c748c300dde0b311da45dd904600514f9d1,100000000000000,,,,
52014212,2024-01-06 17:16:08,AAVE_SUPPLY,0x9b29a858fe5179ec0a8a6a9d74f9375191ad17cc40df03777a34caa613399812,87,672,0x7ceb23fd6bc0add59e62ac25578270cff1b9f619,0xed88bbd203286ebba633c6e68f612eb3d92567f2,162314751025266833,,,,
52014424,2024-01-06 17:24:11,AAVE_SUPPLY,0xfc120e3772158850df4ff8965c3afb816a5f838d602dcb61f5bd9eaccac17972,58,256,0x7ceb23fd6bc0add59e62ac25578270cff1b9f619,0xfaf9c45c65e646a43bd5c79701447ea934a6fdf0,422573918795865936,,,,
52014494,2024-01-06 17:26:39,AAVE_SUPPLY,0x8583425a3f9333a3767956c3eb5c27e323af6ec13d43307369dc17a7543f33da,75,681,0x7ceb23fd6bc0add59e62ac25578270cff1b9f619,0x02fc5a0d335b31ad364a0356c0ee3e3be19702d4,1748793749744384,,,,
52014636,2024-01-06 17:32:14,AAVE_SUPPLY,0xe55f2eb718c9a96f1539cd6d9d26fc068c11a3c1a1bcc3b69ccd174635fc7932,81,623,0x7ceb23fd6bc0add59e62ac25578270cff1b9f619,0xe4b29f7bd1c529ee3a79008d61579748e7fc9588,12126309417461,,,,
52014639,2024-01-06 17:32:20,AAVE_WITHDRAW,0x7d2ee2f82940acb0ba720681d40245cf7fb0d0d279a536b259d12b0badbc43df,77,402,0x7ceb23fd6bc0add59e62ac25578270cff1b9f619,0xc4aff49fced8ac1d818a6dcab063f9f97e66ec5e,67033500000000000,,,,
52015006,2024-01-06 17:46:33,AAVE_SUPPLY,0xc12b7b442b1b832f0866dd3848a50dd974ede14c325752b482572483fd0c5bca,71,309,0x7ceb23fd6bc0add59e62ac25578270cff1b9f619,0x56f24ddec6b014b108169ce36f4851926b1b4341,7958758571018824306,,,,
52015007,2024-01-06 17:46:35,AAVE_BORROW,0x251e3b5a45f5762480399037aac2f7f64975e2e8e2eac2a3ac04a7164dc9727d,65,314,0x7ceb23fd6bc0add59e62ac25578270cff1b9f619,0x1dc6074361a3cddee55a61c92bcf7de1667e1096,46000000000000000000,,,,
52015115,2024-01-06 17:50:50,AAVE_REPAY,0x98bc7a29e75a93ecaa3ffa8b759d6d2b2199d29f2a2ffc815e8ac5e3417cdeb0,142,589,0x7ceb23fd6bc0add59e62ac25578270cff1b9f619,0x1dc6074361a3cddee55a61c92bcf7de1667e1096,1444160728889297933,,,,0.0
52015204,2024-01-06 17:54:12,AAVE_SUPPLY,0x349d4fb1f38f1ae0e604c1fca91142948c9c6d5739b317e520efb548474f107a,61,285,0x7ceb23fd6bc0add59e62ac25578270cff1b9f619,0x0740f45db6f4cde41f664065ec480eb5c2213a53,68519364881249482,,,,
52015568,2024-01-06 18:08:14,AAVE_REPAY,0x706495ef853254050d30643000094e0d427f291e0b95c2b89df329bd979f98bf,62,921,0x7ceb23fd6bc0add59e62ac25578270cff1b9f619,0xfc1b61aebe657d33df261db89aadd767515600c6,90580984410592765,,,,0.0
52015665,2024-01-06 18:11:40,AAVE_WITHDRAW,0x25011ba098cf8176ecd11ac8f6cf3bc60545699c3bf6ff33a7840338e32b04cd,151,591,0x7ceb23fd6bc0add59e62ac25578270cff1b9f619,0xe3090207a2de94a856ea10a7e1bd36dd6145712b,22356429983671047,,,,
52015665,2024-01-06 18:11:40,AAVE_SUPPLY,0x25011ba098cf8176ecd11ac8f6cf3bc60545699c3bf6ff33a7840338e32b04cd,151,616,0x7ceb23fd6bc0add59e62ac25578270cff1b9f619,0x5bb9f7d23a0dd56e4139fd00853abeff18fe71a9,111222405596777,,,,
52015728,2024-01-06 18:14:26,AAVE_SUPPLY,0x59eb12c21c5d6f9754472f6047a642c19f8b4cf340fa8b2a0f4168bb4265307c,101,386,0x7ceb23fd6bc0add59e62ac25578270cff1b9f619,0xc46adf1ebcfa933a1aaf2585eb54670d7c26ec4f,1367314386096806895,,,,
52015822,2024-01-06 18:17:46,AAVE_SUPPLY,0xc1642417e7f4922c9802f1989b2f2d7500c25c8ac32b27c1dad73e2ca845b930,81,324,0x7ceb23fd6bc0add59e62ac25578270cff1b9f619,0x4e37b7e32a8171581cd70a58e227a1b08b2dc4e2,107902366498686319,,,,
52015950,2024-01-06 18:22:50,AAVE_WITHDRAW,0x9acad5799a489caea0ee213f46c9a1a373c7ad9676ac0a38b0d85f8c5d1646cd,45,516,0x7ceb23fd6bc0add59e62ac25578270cff1b9f619,0xc4aff49fced8ac1d818a6dcab063f9f97e66ec5e,10005000000000000000,,,,
52015969,2024-01-06 18:23:32,AAVE_WITHDRAW,0xc3eb339a184c2078278a00cf884edafb62e301a995e5656d1a9dfd87333fed84,55,252,0x7ceb23fd6bc0add59e62ac25578270cff1b9f619,0xc4aff49fced8ac1d818a6dcab063f9f97e66ec5e,87043500000000000000,,,,
52016020,2024-01-06 18:25:20,AAVE_WITHDRAW,0x18c0c2ad482f26bd5fc9793cfe0ec545c925e375d58753600d8d4f21d9265f43,58,700,0x7ceb23fd6bc0add59e62ac25578270cff1b9f619,0xc4aff49fced8ac1d818a6dcab063f9f97e66ec5e,12469847714521504963,,,,
52016059,2024-01-06 18:26:42,AAVE_SUPPLY,0x0770d25e441ac6895e3d6efbe25aa6d70bb1bb0c921660954d0883418b514070,12,121,0x7ceb23fd6bc0add59e62ac25578270cff1b9f619,0x624437ac1fc115561ef93bb41261ccce9bd21e72,1173321826188871725,,,,
52016211,2024-01-06 18:32:41,AAVE_SUPPLY,0x1334015783808c6c3f04df8f4c03017f55ff3b8976d4c24df76d0caec5346ff9,40,194,0x7ceb23fd6bc0add59e62ac25578270cff1b9f619,0xd84c60bc081bdddb5e93c53ac495bf3df996a356,12167460135645870,,,,
52016765,2024-01-06 18:54:29,AAVE_WITHDRAW,0xc8ec15ebf56458653323df3aa70f9a670cb8a10d57cf22476c4c390df8300391,42,161,0x7ceb23fd6bc0add59e62ac25578270cff1b9f619,0x4798c719e79ffa9418bbe8fc7a1f91dde01f4c44,3666461015711592,,,,
52016862,2024-01-06 18:58:01,AAVE_SUPPLY,0x1fafa2ea61871abd768a4ff99ab4e2c749a857041136d55caba1b9aab1caa0b0,47,263,0x7ceb23fd6bc0add59e62ac25578270cff1b9f619,0xbb74b4139390fed052898532d110ebc39ad92bcf,2085089670028365793,,,,
52016973,2024-01-06 19:02:29,AAVE_SUPPLY,0xc8e39694e16a03758a0e86d2dafab35a04a928432abf6cec049740f1c98344c7,61,328,0x7ceb23fd6bc0add59e62ac25578270cff1b9f619,0xd452f3a4b10ae872a6b6eade412e1700592db785,4468795008050300420,,,,
52016977,2024-01-06 19:02:39,AAVE_WITHDRAW,0x72451d4e7a595dd67eafe5e3a93a51e527bff5c03030316ceebff2925d7e6f85,88,844,0x7ceb23fd6bc0add59e62ac25578270cff1b9f619,0xb4f7141ce59f4f0f471cf7bdaba288cad75b2813,1100000000000000000,,,,
52017161,2024-01-06 19:09:41,AAVE_WITHDRAW,0x3c5741a1c2f390e4c0a6e93c3a86faad65334159aef3fcf1d4f4f02510232689,51,306,0x7ceb23fd6bc0add59e62ac25578270cff1b9f619,0xc4aff49fced8ac1d818a6dcab063f9f97e66ec5e,5215789142664104140,,,,
52017207,2024-01-06 19:11:19,AAVE_SUPPLY,0x532804d415a192d8bfcfe820c692d5065fbe33d9bb2d60d549545047a05fd55f,57,635,0x7ceb23fd6bc0add59e62ac25578270cff1b9f619,0xad8ae86dfe18e77bd01ad6ed6b7443dbbfe8d05f,2228646637467015433,,,,
52017429,2024-01-06 19:19:43,AAVE_SUPPLY,0x1ff2f21b92e4877d3bbe35efb18488de6ab3271bb30ac678193e078c50283383,57,286,0x7ceb23fd6bc0add59e62ac25578270cff1b9f619,0x0871b150f4716b050f81db47215e7445fa16389b,100000000000000000,,,,
52017464,2024-01-06 19:20:57,AAVE_SUPPLY,0x4e6e78145e00dfe8e68e5e656ea75de7a9b211c526d0a0ad22a0f69adbf5cf28,28,149,0x7ceb23fd6bc0add59e62ac25578270cff1b9f619,0xb94b8749f69c7af0e352390d7fa8fe8c4c4f5d23,67876586236364816,,,,
52017473,2024-01-06 19:21:17,AAVE_WITHDRAW,0x17cf429943d05aea2f2ba5aacfa06b729b838a0d5afd22b9fbb97bb62ed503c0,102,483,0x7ceb23fd6bc0add59e62ac25578270cff1b9f619,0xb4f7141ce59f4f0f471cf7bdaba288cad75b2813,1300404735375886988,,,,
52017508,2024-01-06 19:22:41,AAVE_WITHDRAW,0x9e14509d1fe1ed6143546d490a1d0db0cab6c52981207a3a75caa1c68913a6cd,86,440,0x7ceb23fd6bc0add59e62ac25578270cff1b9f619,0xc4aff49fced8ac1d818a6dcab063f9f97e66ec5e,100000002075975465,,,,
52017603,2024-01-06 19:26:25,AAVE_SUPPLY,0xb0b4cb73b8b507c26e2bbbcd7590d0b529081a3466744685627965ace24ccc34,44,262,0x7ceb23fd6bc0add59e62ac25578270cff1b9f619,0xbb74b4139390fed052898532d110ebc39ad92bcf,446295662486128500,,,,
52017776,2024-01-06 19:33:05,AAVE_SUPPLY,0x008f7ec2f26b84fcd53f6a0fe53466088add24cf5d2434363e7dfbe89e9d5e7f,54,307,0x7ceb23fd6bc0add59e62ac25578270cff1b9f619,0x08d948608701114ba081426d62be8a0a188aa278,1774242218483562314,,,,
52017868,2024-01-06 19:36:19,AAVE_SUPPLY,0x4011ba44ec59639e3317577a40975142e8abb9e82ce4acc7318b48ab4943ba0e,52,224,0x7ceb23fd6bc0add59e62ac25578270cff1b9f619,0x08d948608701114ba081426d62be8a0a188aa278,36937500032619558,,,,
52018257,2024-01-06 19:51:11,AAVE_SUPPLY,0x7a80aa097dd9907f5edb71d81cb35d294ff45a0fd93cc40cdb09ba870012e9ba,116,449,0x7ceb23fd6bc0add59e62ac25578270cff1b9f619,0xb5e80f8642f0856a9660ed05923fcccc7cfc0fa1,16552497430691704,,,,
52018502,2024-01-06 20:00:41,AAVE_SUPPLY,0xa1526f18ec75af1fb3c781eed69e2fdfbac32029e1cd807a15bd90cb48d0b5a1,50,212,0x7ceb23fd6bc0add59e62ac25578270cff1b9f619,0xa7a7ffe0520e90491e58c9c77f78d7cfc32d019e,740408771934,,,,
52018681,2024-01-06 20:07:19,AAVE_WITHDRAW,0xf604137d35c97a58d9734805a4f260ad6d81249f0821a9d5b4276ff78e9f16d5,57,379,0x7ceb23fd6bc0add59e62ac25578270cff1b9f619,0xc4aff49fced8ac1d818a6dcab063f9f97e66ec5e,200100000000000000,,,,
52018737,2024-01-06 20:09:23,AAVE_WITHDRAW,0x7db6dcd01d41a853892e1e85454e0e04d151ed80b1dc6ec596e9ad771e95d4fa,98,466,0x7ceb23fd6bc0add59e62ac25578270cff1b9f619,0xc4aff49fced8ac1d818a6dcab063f9f97e66ec5e,200100000000000000,,,,
52018797,2024-01-06 20:11:57,AAVE_WITHDRAW,0x6910e833603a329436be682bb31ac598d175a60c0e044e6fe0e946caa46265d0,96,782,0x7ceb23fd6bc0add59e62ac25578270cff1b9f619,0xc4aff49fced8ac1d818a6dcab063f9f97e66ec5e,300150000000000000,,,,
52018813,2024-01-06 20:12:31,AAVE_WITHDRAW,0xcf01f4e5d7e122d31c8400be95b460ff936ff0762cfe01c88aa54a6bff2f4b51,56,686,0x7ceb23fd6bc0add59e62ac25578270cff1b9f619,0xc4aff49fced8ac1d818a6dcab063f9f97e66ec5e,400200000000000000,,,,
52018854,2024-01-06 20:13:59,AAVE_WITHDRAW,0x8861f35027fb889b8067160cb025f19b0b22234746673fa2eb88f1d432df5f1b,52,219,0x7ceb23fd6bc0add59e62ac25578270cff1b9f619,0xc4aff49fced8ac1d818a6dcab063f9f97e66ec5e,500250000000000000,,,,
52018886,2024-01-06 20:15:21,AAVE_WITHDRAW,0x17b3586d841133a8bfadbfc4bb2c3b4a4e839ad9b66f5e4125022a41834c9e02,71,347,0x7ceb23fd6bc0add59e62ac25578270cff1b9f619,0xc4aff49fced8ac1d818a6dcab063f9f97e66ec5e,700350000000000000,,,,
52019011,2024-01-06 20:20:05,AAVE_SUPPLY,0x41e016c98bcf9ce58b3fbca0b18acee1724fcdd631c52095084180ef83e14b38,49,255,0x7ceb23fd6bc0add59e62ac25578270cff1b9f619,0x995c06b04fc53211110d02bdba73301c4990ebf0,22175931930403543616,,,,
52019712,2024-01-06 20:46:33,AAVE_WITHDRAW,0x3c6e8f5ac9c1bc3a9e7f1bc174fae8e760396af7bb473ee3ef42d16149c8eeb6,33,141,0x7ceb23fd6bc0add59e62ac25578270cff1b9f619,0xe0346faf1e72354d84544fc6fb3dc1e63c1d19b4,397946872526337547,,,,
52019761,2024-01-06 20:48:17,AAVE_WITHDRAW,0x4815c08c7a5727b10892e237c2997536d3342eba2abe4663c7c27ad6708a1792,105,412,0x7ceb23fd6bc0add59e62ac25578270cff1b9f619,0x3ea7cf7757950831ed50c083bdda4a828212a45f,1000000000000000000,,,,
52019873,2024-01-06 20:52:15,AAVE_WITHDRAW,0x2745f887cad8dbf224768aef99335d67894d4afb15f740426321acb02e269ee8,33,119,0x7ceb23fd6bc0add59e62ac25578270cff1b9f619,0x43162a17cc64b1165c8f26f96657f2e7a52e4a5f,100000000000000000,,,,
52019910,2024-01-06 20:53:33,AAVE_WITHDRAW,0x54e8e2e1aaded8bacec8e7b51cc96bdb0580495631d6b8d07e9d316730bc97e9,40,215,0x7ceb23fd6bc0add59e62ac25578270cff1b9f619,0x3ea7cf7757950831ed50c083bdda4a828212a45f,1000000000000000000,,,,
52019912,2024-01-06 20:53:37,AAVE_SUPPLY,0x8c4ae9bc2bbd43ab2244d1572891ee079c2116f6aa68420c2639c88a7c9138c6,48,185,0x7ceb23fd6bc0add59e62ac25578270cff1b9f619,0x623a9ed4bc12c4536f4eedc9cf109a6f1a21039a,366117373571813,,,,
52019964,2024-01-06 20:55:27,AAVE_SUPPLY,0x54248f8da7e9ebe8636bb48b29e5b50b135298cb017046be1f3906888428c7c1,42,266,0x7ceb23fd6bc0add59e62ac25578270cff1b9f619,0x5dcad8c4ba35406c6e8eb292fe6b414a11b8b0ec,44587615197766167,,,,
52020081,2024-01-06 20:59:37,AAVE_SUPPLY,0x8ef60ae34d7b7f63280da1865aa2160c22709a14793a965a260e433297f8e296,69,355,0x7ceb23fd6bc0add59e62ac25578270cff1b9f619,0xd84c60bc081bdddb5e93c53ac495bf3df996a356,8223034105006172,,,,
52020192,2024-01-06 21:04:05,AAVE_SUPPLY,0x1e46a4a082fe0776eff6c9275df14c58e2ddb70cd365bea6676a9bfc22a85348,66,267,0x7ceb23fd6bc0add59e62ac25578270cff1b9f619,0xfa2f930f243f38b8252a1a506d8a4a56ea895438,132619678843078645,,,,
52020292,2024-01-06 21:07:39,AAVE_WITHDRAW,0xbf18e9fcc2f131e388913852a3f67e6689fee0eec07f9a212ff7506f5197119e,30,313,0x7ceb23fd6bc0add59e62ac25578270cff1b9f619,0xc4aff49fced8ac1d818a6dcab063f9f97e66ec5e,700350000000000000,,,,
52020310,2024-01-06 21:08:31,AAVE_WITHDRAW,0xe112ef82c598d31158caa770f6863e506460bce893f7f51a53680b10f734129d,82,369,0x7ceb23fd6bc0add59e62ac25578270cff1b9f619,0xc4aff49fced8ac1d818a6dcab063f9f97e66ec5e,1000500000000000000,,,,
52020320,2024-01-06 21:09:11,AAVE_SUPPLY,0x4a58105527e7e2d81cc6f98ebeb08bcd68f10006d74df83bd2e45c3233ab5c1d,121,538,0x7ceb23fd6bc0add59e62ac25578270cff1b9f619,0x53c3f1a8ccf3e4b5d0f936efc577f26bf6a8d67b,20825534510759313,,,,
52020334,2024-01-06 21:09:39,AAVE_SUPPLY,0x429e47a1bcc92783e816af2f8a23d719467929a7231d15c6f7a0359e373f3966,52,165,0x7ceb23fd6bc0add59e62ac25578270cff1b9f619,0xfa2f930f243f38b8252a1a506d8a4a56ea895438,133762732266560423,,,,
52020467,2024-01-06 21:14:39,AAVE_WITHDRAW,0xf41703c96a169cdd1f01ad9a88bdfc0864d25d791c3f8b8da865f18f0444f067,120,476,0x7ceb23fd6bc0add59e62ac25578270cff1b9f619,0x78f8bd884c3d738b74b420540659c82f392820e0,40000000000000000,,,,
52020656,2024-01-06 21:21:28,AAVE_SUPPLY,0xd86cf93bfb617c81bd49a321800c4c3fdea9d3d27aa4e123757962fe145d33d9,37,195,0x7ceb23fd6bc0add59e62ac25578270cff1b9f619,0x9fb2e86637d4bb0b8092db29e9c43caa8634c9e9,1338092740431321965,,,,
52020656,2024-01-06 21:21:28,AAVE_WITHDRAW,0x910fdc7317dacb82c648822f8ee04fd43ce3a33d26ed896bd7a06262c88b0016,68,912,0x7ceb23fd6bc0add59e62ac25578270cff1b9f619,0x542b2bc596a0f26394ae4b8815f2a6a450fd7331,90000000000000000,,,,
52020721,2024-01-06 21:23:47,AAVE_SUPPLY,0xf8c61d1594998f2a7b2557cb34206a9ffeed11e4d3620b3c266c27124d406a42,24,105,0x7ceb23fd6bc0add59e62ac25578270cff1b9f619,0x47231e64159624ea564ca6fa916bafd201a8e0b5,89113480872242172,,,,
52020830,2024-01-06 21:27:37,AAVE_SUPPLY,0xaf7a60fa49672c447193cedd02bcf80fb645165dda37789b3b6df04492ced0a0,45,177,0x7ceb23fd6bc0add59e62ac25578270cff1b9f619,0x73cbb7b652b12444a6e2a7a2f5eb78a3c016181a,994310240762304763,,,,
52020973,2024-01-06 21:33:13,AAVE_SUPPLY,0x742aa6ac50b3a342a7cf065616e9d0720f761e89f8d0353e711a39bc8838021a,49,355,0x7ceb23fd6bc0add59e62ac25578270cff1b9f619,0x73cbb7b652b12444a6e2a7a2f5eb78a3c016181a,340610528653223837,,,,
52021673,2024-01-06 21:58:38,AAVE_SUPPLY,0x39d1f6262ed72cdf0736e33572dadc483b110c15bafebc2e1f1c8f2a147a8d65,35,200,0x7ceb23fd6bc0add59e62ac25578270cff1b9f619,0x08d948608701114ba081426d62be8a0a188aa278,445686643723151439,,,,
52021956,2024-01-06 22:09:44,AAVE_REPAY,0x4d88be315cd22776c7a0fa749f28d8c738ada01d991be00f942ae190a5591c4e,59,233,0x7ceb23fd6bc0add59e62ac25578270cff1b9f619,0x1dc6074361a3cddee55a61c92bcf7de1667e1096,44540524647053123390,,,,0.0
52021964,2024-01-06 22:10:00,AAVE_WITHDRAW,0x42e6254bd7c4cf5c679e61deeedfc6e1ef0752e8eb84a07aafce5820e5616efc,35,262,0x7ceb23fd6bc0add59e62ac25578270cff1b9f619,0xc4aff49fced8ac1d818a6dcab063f9f97e66ec5e,930135717549499070,,,,
52021987,2024-01-06 22:10:51,AAVE_WITHDRAW,0xb5fafa233e8cd9285ca74987a93d487be22fdca4920e573e69098f34ef10b937,35,375,0x7ceb23fd6bc0add59e62ac25578270cff1b9f619,0xc4aff49fced8ac1d818a6dcab063f9f97e66ec5e,930136006561459616,,,,
52022089,2024-01-06 22:14:30,AAVE_SUPPLY,0xe973397fd34ce01da1a25dd50635ab9518b81702f95507c2959dc4405f194fd4,141,326,0x7ceb23fd6bc0add59e62ac25578270cff1b9f619,0x76e3e6e14fb120fa7bd50c36a5421c3fe38fe256,8900000000000000,,,,
52022145,2024-01-06 22:16:30,AAVE_SUPPLY,0x2be7548ff1c46b39dc4421f1e570d9e5c5b62ae1361a7eaf6d565414b9a1fc53,111,536,0x7ceb23fd6bc0add59e62ac25578270cff1b9f619,0x607b6d5cf624cee2e4e9db957c1d46f590859b15,11158312016271144,,,,
52022248,2024-01-06 22:20:08,AAVE_SUPPLY,0xb65a712ed153e2a276955c7aee64a5bce5d64d0b335d7d8ec59c89583e41bd5a,61,264,0x7ceb23fd6bc0add59e62ac25578270cff1b9f619,0x5dcad8c4ba35406c6e8eb292fe6b414a11b8b0ec,40732729236002043,,,,
52022288,2024-01-06 22:21:34,AAVE_SUPPLY,0x0f175d4a0c6cd525a4d6ee4ec51a58e617eccc0e00934721cfdf095205031519,56,1088,0x7ceb23fd6bc0add59e62ac25578270cff1b9f619,0x5dcad8c4ba35406c6e8eb292fe6b414a11b8b0ec,49069732376923101,,,,
52022392,2024-01-06 22:25:14,AAVE_SUPPLY,0x4e5f67db07bd6310d38dd89a971ed1605809eadb3259f3804c8e874dcf80297d,66,278,0x7ceb23fd6bc0add59e62ac25578270cff1b9f619,0x1a394c58d267dafb8e228282093f08a2e697bc9f,8000000000000000,,,,
52022418,2024-01-06 22:26:10,AAVE_WITHDRAW,0x62525bca59fb484a9c5b3f188919e18f25663a3c6d1f7952d1adc821e2f5c197,50,158,0x7ceb23fd6bc0add59e62ac25578270cff1b9f619,0xc4aff49fced8ac1d818a6dcab063f9f97e66ec5e,8000000051591615,,,,
52022463,2024-01-06 22:27:44,AAVE_SUPPLY,0x9dbd82f2ceb9d32b8a3039390ad4c18fcad3953917ad151f17cccd9d11ea3bc0,53,274,0x7ceb23fd6bc0add59e62ac25578270cff1b9f619,0x1a394c58d267dafb8e228282093f08a2e697bc9f,18339095980000000000,,,,
52022488,2024-01-06 22:28:38,AAVE_WITHDRAW,0x4eabee6fd2ee98169e5a634acc9d5bc5563386b85e6ec19b4f00e604976913ea,44,180,0x7ceb23fd6bc0add59e62ac25578270cff1b9f619,0xc4aff49fced8ac1d818a6dcab063f9f97e66ec5e,18339096093922821142,,,,
52022517,2024-01-06 22:29:52,AAVE_WITHDRAW,0x8ed0c671b9087029e5501ea18a89e6b0bdf408afcfcdb09f3664050e69785323,46,178,0x7ceb23fd6bc0add59e62ac25578270cff1b9f619,0x8f500d8f8ca7fc40ebabeaa014d433def317ae26,1012054144776893664,,,,
52022553,2024-01-06 22:31:28,AAVE_WITHDRAW,0x4dd283d585acd8c6e722a82b2fa3dc5a4f1bbe78b741c33e08a797522176f353,50,252,0x7ceb23fd6bc0add59e62ac25578270cff1b9f619,0xc4aff49fced8ac1d818a6dcab063f9f97e66ec5e,9292755981768355544,,,,
52022658,2024-01-06 22:35:12,AAVE_SUPPLY,0xe304183b3d4fc29c277c5a6ca17c1bf07a4a749bc2c2f8dbd81e13d568239cb1,49,212,0x7ceb23fd6bc0add59e62ac25578270cff1b9f619,0xeb6926106577d5baf466df2fcceb1c9353e5db4c,67027920493697765,,,,
52022732,2024-01-06 22:38:20,AAVE_WITHDRAW,0x860cb9f7c5d0a7222e397ab45bf552fdc73a33274bff929844759595e2780619,52,334,0x7ceb23fd6bc0add59e62ac25578270cff1b9f619,0x08b08d7254909830dde8906bfa05187f58ac8421,690000000000000000,,,,
52022992,2024-01-06 22:47:36,AAVE_SUPPLY,0x69a81f43705d3595300ab019ff90c5e47f453f6a9046f996e2dfdc6ad5781c85,77,286,0x7ceb23fd6bc0add59e62ac25578270cff1b9f619,0xd7b0393ea2532dbd681c4764d3651eab782ae76e,656727550828999,,,,
52023011,2024-01-06 22:48:16,AAVE_WITHDRAW,0xafc1840b238296d522cb37aa85a963045e43bc5cb4af49c8c25479c270bc8577,26,99,0x7ceb23fd6bc0add59e62ac25578270cff1b9f619,0x08b08d7254909830dde8906bfa05187f58ac8421,1003411990048125467,,,,
52023564,2024-01-06 23:08:59,AAVE_WITHDRAW,0xf77337c43433b5f9caa59e0e0b6982bc4e5fd89be22c5c70c7698c5a2726bd09,37,337,0x7ceb23fd6bc0add59e62ac25578270cff1b9f619,0xc4aff49fced8ac1d818a6dcab063f9f97e66ec5e,1000500000000000000,,,,
52023692,2024-01-06 23:13:31,AAVE_SUPPLY,0xd49a55e408217fc70675db955396d22447c92dc8b32a8f9bead648faccb88844,46,230,0x7ceb23fd6bc0add59e62ac25578270cff1b9f619,0xb4911cc2789274489b2f449785e0e29c9485cd41,17501129346475305,,,,
52023713,2024-01-06 23:14:17,AAVE_WITHDRAW,0xffa8d028a408f186099bdc7ced924cd51ddcfc4b071256ed3ae419a4635b6b83,57,274,0x7ceb23fd6bc0add59e62ac25578270cff1b9f619,0xc4aff49fced8ac1d818a6dcab063f9f97e66ec5e,22211100000000000000,,,,
52023794,2024-01-06 23:17:09,AAVE_WITHDRAW,0xa67b53325db1a066d67d0b9a7909833ab758c29db831c3e10f79ffd9278b67da,79,949,0x7ceb23fd6bc0add59e62ac25578270cff1b9f619,0xc4aff49fced8ac1d818a6dcab063f9f97e66ec5e,1000500000000000000,,,,
52023801,2024-01-06 23:17:23,AAVE_SUPPLY,0x9eb4b3dc763e8709f5e684e5b4a2a7251889525f322e980a0cda5ca80f9935b1,53,241,0x7ceb23fd6bc0add59e62ac25578270cff1b9f619,0xb01534d0ad93b50284e0571b9338d4fde500b0b5,215963454263492269,,,,
52023908,2024-01-06 23:21:11,AAVE_WITHDRAW,0xc2b0914193fe8be4df072cf4e52251f5a1680655fe9498bc0023c6abe925f1e8,65,275,0x7ceb23fd6bc0add59e62ac25578270cff1b9f619,0x8f243b3c567248fcf9c820caf8d073243b2533d1,1000000000000000000,,,,
52023941,2024-01-06 23:22:21,AAVE_WITHDRAW,0xa1aa536825c42cec4c8553b63a22c2ef4e660cd9eba7101dc71ad08f4e5bccc5,42,195,0x7ceb23fd6bc0add59e62ac25578270cff1b9f619,0xc4aff49fced8ac1d818a6dcab063f9f97e66ec5e,100000000000000000,,,,
52024084,2024-01-06 23:27:25,AAVE_SUPPLY,0x9c65273d52cc853d3ff16074a19dfcbb03d07e3608d9f9351e5069b73b2c839d,43,219,0x7ceb23fd6bc0add59e62ac25578270cff1b9f619,0xc0d937da50c71fca4f471c5e73c34c4cf4f11c38,535533169629721072,,,,
52024295,2024-01-06 23:35:25,AAVE_SUPPLY,0x7b8beec86261177bba0b97b90ebb8933558127e70cbc720d626aa2fcc3573fdd,48,777,0x7ceb23fd6bc0add59e62ac25578270cff1b9f619,0xc0d937da50c71fca4f471c5e73c34c4cf4f11c38,147919538089358338,,,,
52024408,2024-01-06 23:39:57,AAVE_SUPPLY,0x98a22aca7bc521cb43f12975257309763c5ad94c69fa3a349e972b18907203dc,32,177,0x7ceb23fd6bc0add59e62ac25578270cff1b9f619,0xe73182a6e0cebb670bfbcd71768ace67ca30686e,10000000000000,,,,
52024506,2024-01-06 23:43:25,AAVE_REPAY,0xf28f16b7736a9b7189ae4c0fb3b6808b13394a64cddfed78d50c4460bf2ed373,41,167,0x7ceb23fd6bc0add59e62ac25578270cff1b9f619,0x5e13d96b18ca941a77883bc6c8e23ae6e51d0766,1415354204140138,,,,0.0
52024562,2024-01-06 23:45:25,AAVE_SUPPLY,0x33750aa01db72f298c9cd6426446541e6cf3bb131ae92ee7cec8fe4f0b2739c8,51,345,0x7ceb23fd6bc0add59e62ac25578270cff1b9f619,0xbde6361e195d9c4bb83f2c6479ce7055fab8011e,1103483229802546,,,,
52024569,2024-01-06 23:45:39,AAVE_SUPPLY,0x288720603f88dd9611adbab97827c998fab14ef08c90e00a57cc9e063eb6660b,36,223,0x7ceb23fd6bc0add59e62ac25578270cff1b9f619,0x9fb2e86637d4bb0b8092db29e9c43caa8634c9e9,1786076033002081704,,,,
52024586,2024-01-06 23:46:15,AAVE_SUPPLY,0xec54e707a2699fdf85aa59a216998ff4c2ddef3bfbaa2f38679539e7dd207a75,52,321,0x7ceb23fd6bc0add59e62ac25578270cff1b9f619,0xc0d937da50c71fca4f471c5e73c34c4cf4f11c38,114505095009073356,,,,
52024643,2024-01-06 23:48:25,AAVE_SUPPLY,0xa29f26dde84de4462a23edb8b9df57fadf2888b85eb007159ac05251f08faec8,54,257,0x7ceb23fd6bc0add59e62ac25578270cff1b9f619,0x8cbf96319b3c56d50a7c82efb6d3c46bd6f889ba,942505227896305,,,,
52024741,2024-01-06 23:51:53,AAVE_SUPPLY,0x4b5a6c829ff8ad70a590c087021f9c3abc1d15745d3fa0e00acd1f69c2f54f96,68,368,0x7ceb23fd6bc0add59e62ac25578270cff1b9f619,0x5dcad8c4ba35406c6e8eb292fe6b414a11b8b0ec,89262996217545418,,,,
