block_number,block_timestamp,tx_type,transaction_hash,pool_tx_index,pool_log_index,proxy_log_index,sender,receipt,amount0,amount1,total_liquidity,total_liquidity_delta,sqrtPriceX96,current_tick,position_id,tick_lower,tick_upper,liquidity
22808181,2021-12-22 00:18:09,SWAP,0x266d3e5ebc0ccc40c88c2bcdce79413401cd17e9d75eccc2e99b88bb90a057d4,51,228,,0xe592427a0aece92de3edee1f18e0157c05861564,0xdb6f1920a889355780af7570773609bd8cb1f498,245790,-61367002883184,53867413708118,0,1252154668797276064405735117555928,193370.0,,,,
22811436,2021-12-22 02:18:44,SWAP,0x48271877aa83c1156b6c9441f9d21b76a704af62a4855e27e3add65305170838,40,177,,0xe592427a0aece92de3edee1f18e0157c05861564,0xdb6f1920a889355780af7570773609bd8cb1f498,190533,-47428195889320,260094363135,0,1244915501210755606404755650456858,193254.0,,,,
22818509,2021-12-22 06:38:52,SWAP,0xffd5690bf69a5ed257ade18f3653c6c714774a08eebfd3dc9df23e1836ebced5,75,307,,0xe592427a0aece92de3edee1f18e0157c05861564,0xdb6f1920a889355780af7570773609bd8cb1f498,-27647,6841075956364,260094363135,0,1246998340946975354959663788119560,193288.0,,,,
22827964,2021-12-22 12:34:15,SWAP,0xdcba848a0c6b9689a86be43fb9410783759236bf0cb664503f0f428c0652b5e8,131,814,,0xe592427a0aece92de3edee1f18e0157c05861564,0xe592427a0aece92de3edee1f18e0157c05861564,-1110189,277436554468706,53867413708118,0,1252502817757894017419766205503286,193376.0,,,,
22828041,2021-12-22 12:37:03,SWAP,0x7e208d05df6e1cbdb32f725e3146ab36107c83377fb29403fe82cee492fb033b,46,331,,0xe592427a0aece92de3edee1f18e0157c05861564,0xe592427a0aece92de3edee1f18e0157c05861564,-1274476,318793595992151,53867413708118,0,1252971464763171577859972298166207,193383.0,,,,
22828054,2021-12-22 12:37:29,SWAP,0x8ca56278e62c6c386876fce91538ed462c57bc7fd92d0da6ee4b01cfeebfc354,52,570,,0xe592427a0aece92de3edee1f18e0157c05861564,0xe592427a0aece92de3edee1f18e0157c05861564,-6503560,1630503020770993,53867413708118,0,1255368408639670142749640001029755,193421.0,,,,
22828594,2021-12-22 12:56:01,SWAP,0xe0aa3c4d94445ae85122c9bb6ae7b5c948b084a77faf2837383ab99b71e81706,35,276,,0xe592427a0aece92de3edee1f18e0157c05861564,0xdb6f1920a889355780af7570773609bd8cb1f498,-5052679,1271065959263275,53867413708118,0,1257236957013313292271934074846800,193451.0,,,,
22828690,2021-12-22 12:59:59,SWAP,0x130be591191b2f22ce410fffd324f1eff9602476d1311f9ef58c5b9168839ecd,245,651,,0xe592427a0aece92de3edee1f18e0157c05861564,0xdb6f1920a889355780af7570773609bd8cb1f498,-5615451,1417085427135678,53867413708118,0,1259320163357476996916436860844329,193484.0,,,,
22828911,2021-12-22 13:09:03,SWAP,0xb3f169d50b82d5d817fa1716da2e08b531f591e98058bf13c44e3810bb2627e9,46,209,,0xe592427a0aece92de3edee1f18e0157c05861564,0xdb6f1920a889355780af7570773609bd8cb1f498,1343800,-339202046047953,53867413708118,0,1258821265174336487827030446322579,193476.0,,,,
22829783,2021-12-22 13:41:11,SWAP,0xda830a1e5ab0ae26f829fcbc2233ba11d339f546a642f2a925feca743bc63809,56,484,,0xe592427a0aece92de3edee1f18e0157c05861564,0xdb6f1920a889355780af7570773609bd8cb1f498,-1256169,317391527592208,53867413708118,0,1259287851049261719125096291298917,193484.0,,,,
22830330,2021-12-22 13:59:57,SWAP,0x8aefac21b52ac484668bcfa8139c7d70ea4817bc550e81e6271e814a62778c7a,11,71,,0xe592427a0aece92de3edee1f18e0157c05861564,0xdb6f1920a889355780af7570773609bd8cb1f498,1256111,-317059299280256,53867413708118,0,1258821520405913062065558485933899,193476.0,,,,
22830501,2021-12-22 14:05:51,SWAP,0x7dc5c790019aabbb915212beade4421cb44d0107c783e14c8e52f257b553626f,18,134,,0xe592427a0aece92de3edee1f18e0157c05861564,0xdb6f1920a889355780af7570773609bd8cb1f498,1071687,-270322787458809,53867413708118,0,1258423929798497880219948821795532,193470.0,,,,
22830663,2021-12-22 14:11:43,SWAP,0x185896d76af8225971a4ced9ec7c670a17787d0ddba73726755a7befa0f2d033,67,415,,0xe592427a0aece92de3edee1f18e0157c05861564,0xdb6f1920a889355780af7570773609bd8cb1f498,5038032,-1268510441353694,53867413708118,0,1256558205337635826065040255950208,193440.0,,,,
22831087,2021-12-22 14:28:28,SWAP,0xbdeba87ef22fd62706b9a56f2c6e8e96882d633f9c79d4dad5f592ff7d08967a,19,153,,0xe592427a0aece92de3edee1f18e0157c05861564,0xdb6f1920a889355780af7570773609bd8cb1f498,1300007,-326714263897429,53867413708118,0,1256077674177627807932421333177991,193433.0,,,,
22831165,2021-12-22 14:31:40,SWAP,0xe1f38717f68b3e9d7353949a1852c920c70f2aaa396d43c61ac2a0bf0efca631,77,560,,0xe592427a0aece92de3edee1f18e0157c05861564,0xdb6f1920a889355780af7570773609bd8cb1f498,6155778,-1543667799448113,53867413708118,0,1253807248425513396603225932452767,193396.0,,,,
22831271,2021-12-22 14:35:25,SWAP,0x8c47d7b7f145592d9237239f2b632c1505f542c70c0cb3a0d185f156f6936cc6,69,539,,0xe592427a0aece92de3edee1f18e0157c05861564,0xe592427a0aece92de3edee1f18e0157c05861564,-1435546,359848780484359,53867413708118,0,1254336249181635641016620887552534,193405.0,,,,
22831299,2021-12-22 14:36:25,SWAP,0x780bfe7b771a73c2896219ae7af20df2aaad93894ce44b4eb39c6be9d2a54fbd,67,356,,0xe592427a0aece92de3edee1f18e0157c05861564,0xe592427a0aece92de3edee1f18e0157c05861564,-1152623,289148300476499,53867413708118,0,1254761315703683166234810045727281,193412.0,,,,
22831370,2021-12-22 14:38:51,SWAP,0x91f675b6b416d19b24b11ef94983d76de8665629750b187de91f7223bfefbd1c,67,483,,0xe592427a0aece92de3edee1f18e0157c05861564,0xdb6f1920a889355780af7570773609bd8cb1f498,-1304739,327544871880032,53867413708118,0,1255242827645047190956810211943147,193419.0,,,,
22831870,2021-12-22 14:56:55,SWAP,0x1b2b451898a1a82a4a4c7d71274ed375a273f7c8498bad70101e152fc3b36a73,24,205,,0xe592427a0aece92de3edee1f18e0157c05861564,0xdb6f1920a889355780af7570773609bd8cb1f498,5547040,-1389417529482121,53867413708118,0,1253199273105331326107312450219789,193387.0,,,,
22833993,2021-12-22 16:14:40,SWAP,0x8e73459dc72eb639b77ff3a5b53e8dd47fce10a875770706e63b3557a93aaf67,80,492,,0xe592427a0aece92de3edee1f18e0157c05861564,0xdb6f1920a889355780af7570773609bd8cb1f498,2619449,-654545812273450,53867413708118,0,1252236567483917449901219850419795,193371.0,,,,
22836316,2021-12-22 17:36:38,SWAP,0x94441e0dd3831da45a90112736d22677500f19a2b6765aa219a7126bfc026175,50,269,,0xe592427a0aece92de3edee1f18e0157c05861564,0xe592427a0aece92de3edee1f18e0157c05861564,-1840340,460217980778979,53867413708118,0,1252913117393258367173916222296263,193382.0,,,,
22836554,2021-12-22 17:44:50,SWAP,0x365e9096f6623d6bde6d0a3f13eed10225a87b3b5694b6e911cf0e2bbb0bbe02,64,358,,0xe592427a0aece92de3edee1f18e0157c05861564,0xe592427a0aece92de3edee1f18e0157c05861564,-6913426,1733307446271874,53867413708118,0,1255461190360008338825434193162242,193423.0,,,,
22836805,2021-12-22 17:55:36,SWAP,0x1e0329f7a3727d30107b2f49728e6a837ace2a0c0f9d91b92cbeb4c1ade6d88d,54,316,,0xe592427a0aece92de3edee1f18e0157c05861564,0xdb6f1920a889355780af7570773609bd8cb1f498,-766138,192517291335730,53867413708118,0,1255744203109269647900366838271193,193427.0,,,,
22837706,2021-12-22 18:26:39,SWAP,0x756ee1ac139f565037725ee7e1f164e1f21337d1b6b2ba6fdfc16e4ac78ca167,113,624,,0xe592427a0aece92de3edee1f18e0157c05861564,0xdb6f1920a889355780af7570773609bd8cb1f498,2842299,-713070972184135,53867413708118,0,1254695418714783393017201620906179,193411.0,,,,
22837724,2021-12-22 18:27:15,SWAP,0x57c25f9bfcdf1822b889b58c0061b4f0bab8c6d0ebeb8367606021d088aa2fef,90,445,,0xe592427a0aece92de3edee1f18e0157c05861564,0xdb6f1920a889355780af7570773609bd8cb1f498,6506289,-1627811247737798,53867413708118,0,1252301234825110558359034351327433,193372.0,,,,
22837825,2021-12-22 18:30:45,SWAP,0x88eb9b00fb30a41be16076a335142019850bc8aa892651df2aeb0c22846a5775,31,174,,0xe592427a0aece92de3edee1f18e0157c05861564,0xdb6f1920a889355780af7570773609bd8cb1f498,-2505790,626815671783002,53867413708118,0,1253222694011039058887918450854197,193387.0,,,,
22838014,2021-12-22 18:37:11,SWAP,0xf141a0ba08ddb0f8a023c1eb787112c8a2b8c9bd5ac5b4ec84878a65b0cdc9aa,41,181,,0xe592427a0aece92de3edee1f18e0157c05861564,0xdb6f1920a889355780af7570773609bd8cb1f498,-2497673,625703996656114,53867413708118,0,1254142518963326709711644611593038,193402.0,,,,
22838160,2021-12-22 18:42:15,SWAP,0xec1a0a6659cf0eeff60e605c90715725be67804d979f7bde90e28818a62d22d1,44,240,,0xe592427a0aece92de3edee1f18e0157c05861564,0xdb6f1920a889355780af7570773609bd8cb1f498,-5017654,1259776339427864,53867413708118,0,1255994470872696098688074593502810,193431.0,,,,
22838172,2021-12-22 18:42:39,SWAP,0x669a669c6b420e7fb4a136153d6296f7838600a709f308aed8306cf819b08fa4,46,260,,0xe592427a0aece92de3edee1f18e0157c05861564,0xdb6f1920a889355780af7570773609bd8cb1f498,-2499723,628991872667579,53867413708118,0,1256919129213313593149615778851062,193446.0,,,,
22839219,2021-12-22 19:18:38,SWAP,0x771523abaa9fe3ec79430bc7e64d87e179594e35961f28cfef5b73d35ae52744,36,290,,0xe592427a0aece92de3edee1f18e0157c05861564,0xdb6f1920a889355780af7570773609bd8cb1f498,1000000,-251484070352760,53867413708118,0,1256549246580677482981151103602739,193440.0,,,,
22839240,2021-12-22 19:19:24,SWAP,0x3348422da579a7a748838c424c9ecb16024669a9f4a9b51b8d73a557a36a29f5,61,339,,0xe592427a0aece92de3edee1f18e0157c05861564,0xdb6f1920a889355780af7570773609bd8cb1f498,5165791,-1296760519123334,53867413708118,0,1254641971920938211629723533544450,193410.0,,,,
22839562,2021-12-22 19:30:28,SWAP,0x6ad1bc2b5cfe2f0fa536a26fe309ee47028205295440d16e6f9de274067ea509,42,181,,0xe592427a0aece92de3edee1f18e0157c05861564,0xe592427a0aece92de3edee1f18e0157c05861564,1299485,-325588191526789,53867413708118,0,1254163096987554833652029587157946,193402.0,,,,
22840732,2021-12-22 20:12:48,SWAP,0x117006f2224e5eef1c92520dd81309416f568f909d86d1a261b73ab36b5df21f,58,350,,0xe592427a0aece92de3edee1f18e0157c05861564,0xdb6f1920a889355780af7570773609bd8cb1f498,2614871,-654407722576592,53867413708118,0,1253200594468391298878655768885950,193387.0,,,,
22840741,2021-12-22 20:13:06,SWAP,0xd26c37f0026452d2974411aa1148dffcaf9effa64fcc1d910e35acfb4733f0a4,67,288,,0x68b3465833fb72a70ecdf485e0e4c7bd8665fc45,0x33001f9fb722e0cb9f07f3caa237037f32533c3c,2607244,-651499716018786,53867413708118,0,1252242369043676790439324848209650,193371.0,,,,
22842044,2021-12-22 20:57:52,SWAP,0x2b9613af9f68d634442d313c1f43abf45e1b0bc974b79d3c372a5052d47937f3,37,199,,0x68b3465833fb72a70ecdf485e0e4c7bd8665fc45,0x09a1a849974d021a0f74366e5020884ff73e3abb,-2604984,651586385446043,53867413708118,0,1253200242765288303059125415259357,193387.0,,,,
22842080,2021-12-22 20:59:08,SWAP,0x3a892e85bedb007d45b850a55ff7cbd6448570f471ce16f57cc74f8128d60b82,39,150,,0xe592427a0aece92de3edee1f18e0157c05861564,0xdb6f1920a889355780af7570773609bd8cb1f498,783770,-195953603519967,53867413708118,0,1252912034312789385005977141133818,193382.0,,,,
22842214,2021-12-22 21:03:44,SWAP,0x01602f5670be8966316fe2db97ba09ec1611ecf30def8873673ccdafc16118cc,7,60,,0x68b3465833fb72a70ecdf485e0e4c7bd8665fc45,0x68b3465833fb72a70ecdf485e0e4c7bd8665fc45,-3493519,875000000000000,53867413708118,0,1254198340357745077249907973688890,193403.0,,,,
22842391,2021-12-22 21:12:00,SWAP,0xfd0ba19b1cd84ee946e3086d9863e8dd7c54496264918c6b4b551738f4c4ded7,41,241,,0xe592427a0aece92de3edee1f18e0157c05861564,0xdb6f1920a889355780af7570773609bd8cb1f498,2797495,-700113805504596,53867413708118,0,1253168613356898944671278090832770,193386.0,,,,
22842699,2021-12-22 21:22:36,SWAP,0x57c1ad3cf573ae1fc7f3d9e04763658c5ebe9b2fc7e63cc4ee4aa35a4e3c6f6f,17,75,,0x68b3465833fb72a70ecdf485e0e4c7bd8665fc45,0x200ce646610bef24b988d1125b779c22ece4a2d4,-2984681,747748924134260,53867413708118,0,1254267852169725245051877056160336,193404.0,,,,
22842855,2021-12-22 21:27:56,SWAP,0xaf25be2b71c168c876c63d13f2a04f15d4374fb4d73a278fed0f001530a906df,68,376,,0xe592427a0aece92de3edee1f18e0157c05861564,0xe592427a0aece92de3edee1f18e0157c05861564,3476225,-869898820502887,53867413708118,0,1252988405462014028865616499900630,193383.0,,,,
22842856,2021-12-22 21:27:58,SWAP,0x261ca9ac993848f83302cb5967238863b32a20c6b7387a80340357ef1c2b2c62,105,706,,0xe592427a0aece92de3edee1f18e0157c05861564,0xe592427a0aece92de3edee1f18e0157c05861564,2327607,-581474699119581,53867413708118,0,1252133172793718384205247476938055,193370.0,,,,
22843357,2021-12-22 21:47:21,MINT,0xedd49eb90d1510e1016b7e4982af42ae683d0d1be8c89e185b84f3b470aaccab,42,228,230.0,0xc36442b4a4522e871399cd717abdd847ab11fe88,,6907216583,1549488996365212081,1750944716432324,1697077302724206,1252133172793718384205247476938055,193370.0,136.0,192180.0,194700.0,1697077302724206
22843362,2021-12-22 21:47:31,SWAP,0xcaab3149c4dd6f0f5d841f83440f9fb4cfb3e56db4e5b890a7028f63003ad4d8,33,183,,0xe592427a0aece92de3edee1f18e0157c05861564,0xdb6f1920a889355780af7570773609bd8cb1f498,54933440,-13706916833125269,1697337397087341,0,1251493788192115080529213967783910,193359.0,,,,
22843364,2021-12-22 21:47:35,SWAP,0x945e0ff757a08cf17d45e194c01f96596528af4c5170cc8a5e09a21de312fdc9,7,29,,0x2ec255797fef7669fa243509b7a599121148ffba,0x2ec255797fef7669fa243509b7a599121148ffba,85046693,-21193126420032388,1697337397087341,0,1250504537341298368625743081974180,193344.0,,,,
22843431,2021-12-22 21:49:53,SWAP,0x2fa2f71745c692ae067fd96b7958fe59ab4e68cf4f7a6c6c70b0f10bf360a6bd,26,83,,0x68b3465833fb72a70ecdf485e0e4c7bd8665fc45,0xebaf5741ab3df7aab87616ead8e2a55aef2c1c35,-345071362,86281560000000000,1750944716432324,0,1254456173146697603328979817983213,193407.0,,,,
22843434,2021-12-22 21:49:59,SWAP,0x8350752f3a90809c157b21bb3b2d6564df2447acbf9c0be376eba3666913f360,17,110,,0x2ec255797fef7669fa243509b7a599121148ffba,0x2ec255797fef7669fa243509b7a599121148ffba,250000000,-62501936577312986,1697337397087341,0,1251612506745353778135623319739931,193361.0,,,,
22843441,2021-12-22 21:50:13,SWAP,0x312bb57f025c6893c75b4c8b0992d0ee352036f5fbc59a68e465a211e88ccad0,9,42,,0xe592427a0aece92de3edee1f18e0157c05861564,0xdb6f1920a889355780af7570773609bd8cb1f498,155047815,-38619186050389098,1697337397087341,0,1249809843848855191506350971478709,193333.0,,,,
22843447,2021-12-22 21:50:25,SWAP,0x29cb1bac7b89141c40af20de0dc82f53cd800a6cde30adb176df486e7b5d82a1,108,252,,0x68b3465833fb72a70ecdf485e0e4c7bd8665fc45,0x032396f7993aa08183cceb33041227eb10782664,-300000000,74898907182366617,1750944716432324,0,1253267954593217820933193104953540,193388.0,,,,
22843452,2021-12-22 21:50:35,SWAP,0x545c9c80972f2fe847b0f071a7227488a167939cdc2c4ab379e5c79965cc0dc6,36,222,,0x2ec255797fef7669fa243509b7a599121148ffba,0x2ec255797fef7669fa243509b7a599121148ffba,94323032,-23569996362782490,1750944716432324,0,1252201440336790509035423086519160,193371.0,,,,
22843455,2021-12-22 21:50:41,SWAP,0x8460a0c0cb9a1e7fc4470478aefae607227a4ba820cbfae3f5e17f1fb302ebc8,29,133,,0xe592427a0aece92de3edee1f18e0157c05861564,0xdb6f1920a889355780af7570773609bd8cb1f498,12770748,-3188144096911873,1697337397087341,0,1252055206170223911514237479752522,193368.0,,,,
22843472,2021-12-22 21:51:19,SWAP,0x215e38b80f8ee3f256ad0c002ca316f29019b7f3d9ad3d2acccb6c57c2ad1b8c,15,96,,0xe592427a0aece92de3edee1f18e0157c05861564,0xe592427a0aece92de3edee1f18e0157c05861564,-20007157,5000000000000000,1750944716432324,0,1252283311535915572988928453475715,193372.0,,,,
22843474,2021-12-22 21:51:23,SWAP,0xb6435c4bab641d072470ead1a70c6822deac79a4123c0c86d734ea76ef967cfb,14,90,,0xe592427a0aece92de3edee1f18e0157c05861564,0xe592427a0aece92de3edee1f18e0157c05861564,24992500,-6239359652970917,1697337397087341,0,1251997238756924512569732902830779,193368.0,,,,
22843500,2021-12-22 21:52:15,SWAP,0x06b90fe3acd828a5fddb511c2d4bc90603627df9def6a9fd54460229b14777b4,34,146,,0xe592427a0aece92de3edee1f18e0157c05861564,0xdb6f1920a889355780af7570773609bd8cb1f498,76944097,-19190877394636957,1697337397087341,0,1251101448706211702240723931942090,193353.0,,,,
22843507,2021-12-22 21:52:29,SWAP,0x84f0c8ced6871ad62376d94353f9f0de2547a0539b47a40139dbf67c8ca7b438,28,139,,0x68b3465833fb72a70ecdf485e0e4c7bd8665fc45,0x68b3465833fb72a70ecdf485e0e4c7bd8665fc45,257453,-64166025640449,1697337397087341,0,1251098453570232220615510437871986,193353.0,,,,
22843520,2021-12-22 21:52:59,SWAP,0xaa399384fbd288961d926a636c85b3b3ddf49d432a4d562813560ea353d8a896,31,199,,0x11431a89893025d2a48dca4eddc396f8c8117187,0x11431a89893025d2a48dca4eddc396f8c8117187,171875000,-42768672180249882,1697337397087341,0,1249102101332998287597403216488613,193321.0,,,,
22843524,2021-12-22 21:53:07,SWAP,0x3ccf1a24db52e886c1fba1a2a8c544751964a82a089c70dab8c0e93aa3885bc1,10,110,,0x1111111254fb6c44bac0bed2854e76f90643097d,0xf2cc3a54ce52d3e4e8d37cad53b65c200b03c20f,-85152514,21193126420032388,1697337397087341,0,1250090857558389591070052988172048,193337.0,,,,
22843531,2021-12-22 21:53:21,SWAP,0xe1352cb2785409e88f7beeb185e13c3650b2b7137245897e60ace31d5b05e45f,42,284,,0x2ec255797fef7669fa243509b7a599121148ffba,0x2ec255797fef7669fa243509b7a599121148ffba,-162974365,40655466305463575,1697337397087341,0,1251987620905571665558314345519662,193367.0,,,,
22843544,2021-12-22 21:53:47,SWAP,0x14130edf8c9377f5b3db30623e99079e4b1c928caf8ea652b68f205c0aa17fcd,41,222,,0xe592427a0aece92de3edee1f18e0157c05861564,0xdb6f1920a889355780af7570773609bd8cb1f498,100000000,-24935596404476481,1697337397087341,0,1250823679377084675927640169901648,193349.0,,,,
22843575,2021-12-22 21:54:49,SWAP,0x5a1568ec656e2ccde5dec6b7975abb2f565b4123470ccb3f582e3d5646b52a71,36,201,,0xe592427a0aece92de3edee1f18e0157c05861564,0xdb6f1920a889355780af7570773609bd8cb1f498,53065907,-13213479904058278,1697337397087341,0,1250206901749363659386180714457299,193339.0,,,,
22843657,2021-12-22 21:57:41,SWAP,0xe9fd33bcf5f88f49059fdf24d8bb7f8876693e14505092f593f4dd49f1ac992d,159,373,,0x68b3465833fb72a70ecdf485e0e4c7bd8665fc45,0x68b3465833fb72a70ecdf485e0e4c7bd8665fc45,-20142396,5018966408870447,1697337397087341,0,1250441059475007656379567225429990,193343.0,,,,
22843678,2021-12-22 21:58:23,MINT,0x5e8497de3ca8ad3f7bd2b49033a6711feae2f1722b683683ac642eb3d6469c3b,41,161,162.0,0xc36442b4a4522e871399cd717abdd847ab11fe88,,342948285,73585586040816446,1779862390719747,82524993632406,1250441059475007656379567225429990,193343.0,136.0,192180.0,194700.0,82524993632406
22843717,2021-12-22 21:59:45,SWAP,0x425a3e300df329308154b4602059202be5ae5a4caf69dedf2614d19d1f42efa0,26,179,,0xe592427a0aece92de3edee1f18e0157c05861564,0xe592427a0aece92de3edee1f18e0157c05861564,49312098,-12271955907896604,1779862390719747,0,1249894789986923500199748257386676,193334.0,,,,
22843817,2021-12-22 22:03:09,SWAP,0x76b367e04ccb2082c677f4c912a6d0652983215df93d82144fb9f2b5ccb50f70,32,179,,0x68b3465833fb72a70ecdf485e0e4c7bd8665fc45,0x058c7c1ea5bd1482276108d5674f05662ef0898f,-56578590,14095319513765406,1779862390719747,0,1250521910318143688197220046063531,193344.0,,,,
22843821,2021-12-22 22:03:17,SWAP,0xf3e0b6c6db97ddf2c9ac33e5599a0ec85d1b6c04df5f50686e6d45f6d1f573e2,7,54,,0xe592427a0aece92de3edee1f18e0157c05861564,0xe592427a0aece92de3edee1f18e0157c05861564,-11702293,2917136294471695,1779862390719747,0,1250651697761231937763512874954374,193346.0,,,,
22843826,2021-12-22 22:03:27,SWAP,0x5c89744eb5d7ee06db76a244df23968e95b5a06a581fad83af1d45160debf12f,70,437,,0x11431a89893025d2a48dca4eddc396f8c8117187,0x11431a89893025d2a48dca4eddc396f8c8117187,86929398,-21633586485922248,1779862390719747,0,1249688707973476530654142788234837,193331.0,,,,
22843888,2021-12-22 22:05:35,SWAP,0xb568ef406412918bec20f8069805ff2bc40dab9ee7732020dbeea6411263666a,10,78,,0x1111111254fb6c44bac0bed2854e76f90643097d,0x1111111254fb6c44bac0bed2854e76f90643097d,-16084701,4004392558999912,1779862390719747,0,1249866868957020268188759319078491,193333.0,,,,
22843896,2021-12-22 22:05:51,SWAP,0xe25995813a49f04d98e2ec7d6cb76314a84d2335094841d3d0ef80dec694890c,47,308,,0x68b3465833fb72a70ecdf485e0e4c7bd8665fc45,0x4e7edd3046381f5fe9c5de98e5d7dd3b1eb273bd,-100315523,25000000000000000,1779862390719747,0,1250979153660122858360022334243963,193351.0,,,,
22843905,2021-12-22 22:06:13,SWAP,0x3b8e141ba315703a01f3eb65d41eae5f425d772f031a5fc824cff805a0939cff,113,581,,0x68b3465833fb72a70ecdf485e0e4c7bd8665fc45,0xebaf5741ab3df7aab87616ead8e2a55aef2c1c35,250000000,-62158732485958360,1779862390719747,0,1248212241911913652900325863516923,193307.0,,,,
22843909,2021-12-22 22:06:21,SWAP,0x13131dae832da00f370da1f2e6ae782c74d65c2a96546ccaf88b765c65c382f0,8,43,,0x2ec255797fef7669fa243509b7a599121148ffba,0x2ec255797fef7669fa243509b7a599121148ffba,-86015130,21376694459880421,1779862390719747,0,1249163320721938567994509390546023,193322.0,,,,
22843915,2021-12-22 22:06:33,SWAP,0x92e586981cf134ba80ad1487e8b3b5da6fac371a6f99b788f5f4a97887ddab0a,35,201,,0x2ec255797fef7669fa243509b7a599121148ffba,0x2ec255797fef7669fa243509b7a599121148ffba,-103926966,25871686312827745,1779862390719747,0,1250314387959107646155521130363723,193341.0,,,,
22843934,2021-12-22 22:07:11,MINT,0xfa4ad4c28651290b373493f0ff900110f8d8b6c7ddf927dce09a2be75293d8bb,28,206,207.0,0xc36442b4a4522e871399cd717abdd847ab11fe88,,337861219,72252475508967150,1861037874986961,81175484267214,1250314387959107646155521130363723,193341.0,136.0,192180.0,194700.0,81175484267214
22843954,2021-12-22 22:07:51,SWAP,0xef32e96fc75911ce0ebe716be45654fb22ebc350626e7ed1bdfdfdc0deb325d3,3,12,,0x2ec255797fef7669fa243509b7a599121148ffba,0x2ec255797fef7669fa243509b7a599121148ffba,-75537400,18833750000000000,1861037874986961,0,1251115778056587848583238715923290,193353.0,,,,
22843964,2021-12-22 22:08:11,SWAP,0x72bd9820c9785aff6a525593cb33477ee6bb75ecdeff39d63bcaac6af3de6ce8,31,168,,0x68b3465833fb72a70ecdf485e0e4c7bd8665fc45,0xebaf5741ab3df7aab87616ead8e2a55aef2c1c35,-164107602,41000000000000000,1914645194331944,0,1252839621127406462707683649186490,193381.0,,,,
22843969,2021-12-22 22:08:25,SWAP,0xd04bcfe165599cba8496019bf5eba5d186d3e8a1a857634567f5b4d3de75d231,11,133,,0x2ec255797fef7669fa243509b7a599121148ffba,0x2ec255797fef7669fa243509b7a599121148ffba,85894516,-21452201997543720,1861037874986961,0,1251947094796777198465686873876897,193367.0,,,,
22843970,2021-12-22 22:08:27,SWAP,0xd42242d41edfd0ee801c125887ac441c4e1431ef86c0cc387362d9d0170150d7,135,522,,0xe592427a0aece92de3edee1f18e0157c05861564,0xdb6f1920a889355780af7570773609bd8cb1f498,14490000,-3615851345804466,1861037874986961,0,1251793160660399224513176301282931,193364.0,,,,
22843976,2021-12-22 22:08:39,MINT,0xb90966fad18a69569afef0a81c059c334c8892be832aa2da3775bfd4fb3ef329,54,390,391.0,0xc36442b4a4522e871399cd717abdd847ab11fe88,,174532460,38804801257610554,1903739532228431,42701657241470,1251793160660399224513176301282931,193364.0,136.0,192180.0,194700.0,42701657241470
22843986,2021-12-22 22:08:59,SWAP,0x13ab28c9cc4e88ebc976275affa72d183dc95df390c343b2ad5ddc70a53f56fc,53,324,,0x11431a89893025d2a48dca4eddc396f8c8117187,0x11431a89893025d2a48dca4eddc396f8c8117187,91419617,-22792866955499726,1903739532228431,0,1250844587109897540570996536768379,193349.0,,,,
22844015,2021-12-22 22:09:57,SWAP,0x78521b97b791d26c9ae0669e41b9940950a86a2020d483058be7a6eaf7baefef,16,91,,0xe592427a0aece92de3edee1f18e0157c05861564,0xe592427a0aece92de3edee1f18e0157c05861564,-2569313,640753584567335,1903739532228431,0,1250871240097560059201161154430223,193350.0,,,,
22844052,2021-12-22 22:11:15,BURN,0x9e773d366e205b4beff97a3169bd6b5df5caa40b5e30b5740deb15cb7dc75ce1,64,412,,0xc36442b4a4522e871399cd717abdd847ab11fe88,,0,0,1903739532228431,0,1250871240097560059201161154430223,193350.0,,193370.0,196150.0,0
22844052,2021-12-22 22:11:15,COLLECT,0x9e773d366e205b4beff97a3169bd6b5df5caa40b5e30b5740deb15cb7dc75ce1,64,415,416.0,0xc36442b4a4522e871399cd717abdd847ab11fe88,0x18dbd3b6b20b12d25310426cb9bcfb3859503130,71830,12478618445779,1903739532228431,0,1250871240097560059201161154430223,193350.0,26.0,193370.0,196150.0,
22844063,2021-12-22 22:11:37,SWAP,0x3481684a17a5c0d6be28dcb19017ba59a0e0151e21967e52e20ed186a2413155,2,19,,0x2ec255797fef7669fa243509b7a599121148ffba,0x2ec255797fef7669fa243509b7a599121148ffba,-83526014,20845194361370584,1903739532228431,0,1251738323359390845431400553926484,193363.0,,,,
22844069,2021-12-22 22:11:49,SWAP,0xeac9413ea997ca263b39de51e1b10b3fc487bab6c7b862ca311a9b049f93358f,48,297,,0x68b3465833fb72a70ecdf485e0e4c7bd8665fc45,0x4e7edd3046381f5fe9c5de98e5d7dd3b1eb273bd,-30618500,7648555400359319,1903739532228431,0,1252056475075794461620854025471483,193368.0,,,,
22844102,2021-12-22 22:13:13,SWAP,0x3895c318c2694f7c232ebcdee4124a9491db26d1ee854c61090b52d7524745f1,79,450,,0x68b3465833fb72a70ecdf485e0e4c7bd8665fc45,0x68b3465833fb72a70ecdf485e0e4c7bd8665fc45,100000000,-24940851959680166,1903739532228431,0,1251018508568899103060995036557037,193352.0,,,,
22844122,2021-12-22 22:14:33,SWAP,0x450da21a397824be8e3f2c62b8f57e786b908bdd5a85711c4a73f86c8978caf9,25,121,,0x2ec255797fef7669fa243509b7a599121148ffba,0x2ec255797fef7669fa243509b7a599121148ffba,-80122738,20000000000000000,1903739532228431,0,1251850434860205484544407724096153,193365.0,,,,
22844127,2021-12-22 22:14:53,BURN,0x8b2fa16644d46c02343e89f9c9f521a19694d85d6d5ecfd6f745a2588341c63d,177,490,491.0,0xc36442b4a4522e871399cd717abdd847ab11fe88,,440168024,0,1903739532228431,0,1251850434860205484544407724096153,193365.0,26.0,193370.0,196150.0,53607319344983
22844127,2021-12-22 22:14:53,COLLECT,0x8b2fa16644d46c02343e89f9c9f521a19694d85d6d5ecfd6f745a2588341c63d,177,493,494.0,0xc36442b4a4522e871399cd717abdd847ab11fe88,0x18dbd3b6b20b12d25310426cb9bcfb3859503130,440168024,0,1903739532228431,0,1251850434860205484544407724096153,193365.0,26.0,193370.0,196150.0,
22844129,2021-12-22 22:15:01,SWAP,0x8b2b5983d50bf619d8bc2377a6325ea398da47a04b4c30a3c382d1bdbe97e233,118,528,,0x2ec255797fef7669fa243509b7a599121148ffba,0x2ec255797fef7669fa243509b7a599121148ffba,-142694792,35685000000000000,1903739532228431,0,1253334799345468895706186811837820,193389.0,,,,
22844131,2021-12-22 22:15:09,SWAP,0x2a42bc98f468fd38f5e1d2c40c7a44aae346e5dc8e32356c31d8b14bf0f8bb71,4,41,,0x2ec255797fef7669fa243509b7a599121148ffba,0x2ec255797fef7669fa243509b7a599121148ffba,-79826959,20000000000000000,1903739532228431,0,1254166725636775277189599499376936,193402.0,,,,
22844133,2021-12-22 22:15:17,SWAP,0x7eca752e15926d3b8bc476d47417f33ebcd42a640bc2d7691c58dfba7d8975b2,21,145,,0x1111111254fb6c44bac0bed2854e76f90643097d,0xc590175e458b83680867afd273527ff58f74c02b,23397538,-5858951374496459,1903739532228431,0,1253922892936028440465042473865717,193398.0,,,,
22844135,2021-12-22 22:15:25,SWAP,0xc91e60fc29393af88fb42e933e15da723ae2914127c57a148a77ba52ad4e8fec,16,135,,0x2ec255797fef7669fa243509b7a599121148ffba,0x2ec255797fef7669fa243509b7a599121148ffba,107135758,-26798673099091374,1903739532228431,0,1252807609258026480504569447249189,193380.0,,,,
22844136,2021-12-22 22:15:29,SWAP,0xbde31735c692f8f6be885d85c3a73e53d23d24ab47b2b21db5c7750f2e8d9563,16,97,,0x1111111254fb6c44bac0bed2854e76f90643097d,0xf2cc3a54ce52d3e4e8d37cad53b65c200b03c20f,88479167,-22096043973017499,1903739532228431,0,1251888035475384400889766848407829,193366.0,,,,
22844138,2021-12-22 22:15:37,SWAP,0x374dc3ab17909e30e03b1feaeae0b7e63ae80475bca8b1f4a27a0f6589fee9d6,15,113,,0xe592427a0aece92de3edee1f18e0157c05861564,0xdb6f1920a889355780af7570773609bd8cb1f498,-76542319,19132275525319906,1903739532228431,0,1252683867626485962934988664348562,193379.0,,,,
22844160,2021-12-22 22:17:07,SWAP,0x2b328d6bbf6faedfeb298a61b8795ac4da791441762e27ab9644e873969ad18a,64,323,,0x2ec255797fef7669fa243509b7a599121148ffba,0x2ec255797fef7669fa243509b7a599121148ffba,55885477,-13957387375037568,1903739532228431,0,1252103001317569428916576614965485,193369.0,,,,
22844175,2021-12-22 22:17:37,SWAP,0x6fc5de70b35ba8ace13a1d96e59d1fcb5daeabda36f078b5883b6738cb481a4e,18,93,,0xe592427a0aece92de3edee1f18e0157c05861564,0xdb6f1920a889355780af7570773609bd8cb1f498,2562674,-639716805671998,1903739532228431,0,1252076378144501441373900392856490,193369.0,,,,
22844197,2021-12-22 22:18:21,SWAP,0x24e48ac9c87460e5ddf1725e7a437a3bc44614d7977b74a0ffaa89c58d35fbd5,35,217,,0x11431a89893025d2a48dca4eddc396f8c8117187,0x11431a89893025d2a48dca4eddc396f8c8117187,-27822603,6953728950758108,1903739532228431,0,1252365627641339141745420616798043,193373.0,,,,
22844224,2021-12-22 22:19:19,SWAP,0xcd78017c829db58d80b8fbc5a92f4ddb147bfb90d0a3bfa8aa8d2f7e199c942c,29,142,,0xe592427a0aece92de3edee1f18e0157c05861564,0xdb6f1920a889355780af7570773609bd8cb1f498,1287447,-321521882521253,1903739532228431,0,1252352246825566267678657208422038,193373.0,,,,
22844330,2021-12-22 22:22:55,SWAP,0x7570a0c9b33fdaaf361381556b8951145cad0f606f0165ce959c6ba1d9b60260,240,488,,0x68b3465833fb72a70ecdf485e0e4c7bd8665fc45,0x60328f38505f9698c691fda68c3262d8c5c10efe,-12827673,3207045995410017,1903739532228431,0,1252485648119616789536219000197793,193375.0,,,,
22844472,2021-12-22 22:27:47,SWAP,0x1c04b44ed11e3b9389aa40f37c67e38b8fedfdaf888df65adbb0632bba801562,43,174,,0x68b3465833fb72a70ecdf485e0e4c7bd8665fc45,0x6eccdaaa4b1e0f8428706501b2e8fd5041b426fd,7703163,-1924023825245355,1903739532228431,0,1252405575783182498094795750148626,193374.0,,,,
22844521,2021-12-22 22:29:29,SWAP,0xc602a25b80abe74f24033ccd3154a960b2e4ff0a702fe4df23ec50f0bc6bbb80,167,424,,0x68b3465833fb72a70ecdf485e0e4c7bd8665fc45,0x2b245868acc9a798b96f9c14fddb8b7a0fac67da,-1040527,260138904147568,1903739532228431,0,1252416396602870097711119270094162,193374.0,,,,
22844595,2021-12-22 22:32:01,SWAP,0xdc3cc7e39e54ea074b41abeebd97568ece26f5f8882ee607d82674b15978d6f5,9,73,,0x68b3465833fb72a70ecdf485e0e4c7bd8665fc45,0x68b3465833fb72a70ecdf485e0e4c7bd8665fc45,5000000,-1248743105295531,1903739532228431,0,1252364427507303167954874163838605,193373.0,,,,
22844606,2021-12-22 22:32:23,SWAP,0x41e46c532a8bc49c402b50ed527da52cffec690f78f5cf8bf34bf667ee3a7b9d,26,149,,0x68b3465833fb72a70ecdf485e0e4c7bd8665fc45,0x68b3465833fb72a70ecdf485e0e4c7bd8665fc45,5274971,-1317304270845168,1903739532228431,0,1252309605093267836369751857804818,193373.0,,,,
22844773,2021-12-22 22:39:25,SWAP,0xe6def15cb4e462d871b3ae0f38b07e7c9f9269cd11029404543a8b8d0cbf06c1,22,80,,0x2ec255797fef7669fa243509b7a599121148ffba,0x2ec255797fef7669fa243509b7a599121148ffba,-22271081,5568049500000000,1903739532228431,0,1252541215431785103958028121462109,193376.0,,,,
22844840,2021-12-22 22:42:35,SWAP,0x283ddb4521d88a8c409156da6c7e8b32a0f0870a178b9e5592557b90b9ecb668,34,102,,0x68b3465833fb72a70ecdf485e0e4c7bd8665fc45,0x42e7da399d2b2acc2c238dbd63072b28e7019a69,109982190,-27449457578957366,1903739532228431,0,1251398847975955496796506009714208,193358.0,,,,
22844847,2021-12-22 22:42:49,SWAP,0xc2f85203f0c2e12e2b74f39be6149be70f2868dd60ff24b17e008b159534e46a,11,47,,0x2ec255797fef7669fa243509b7a599121148ffba,0x2ec255797fef7669fa243509b7a599121148ffba,-88459836,22096043973017499,1903739532228431,0,1252317961971706255323639484587923,193373.0,,,,
22844847,2021-12-22 22:42:49,SWAP,0x533b70c4c7e79fa43e2eef635d99a033376f3f4f6327b89e5be52d32afd927d3,130,776,,0xe592427a0aece92de3edee1f18e0157c05861564,0xdb6f1920a889355780af7570773609bd8cb1f498,-47858998,11968051990786631,1903739532228431,0,1252815788827049109176288213670894,193381.0,,,,
22844854,2021-12-22 22:43:03,SWAP,0xc7b9f27c12ac75835bff8e04d1288ffb134c3a19f56be04d7ee9b64ff1d58c1d,90,354,,0x68b3465833fb72a70ecdf485e0e4c7bd8665fc45,0xe86ed7d50fbe88f4642135ee4a6016a2ce82302a,-33884161,8479133251738552,1903739532228431,0,1253168489521029682760697023253307,193386.0,,,,
22844945,2021-12-22 22:46:13,SWAP,0x35eaed812a4bab546036dcfb2d909784ca286adc748fb4ab9a9fd21da7cbd927,28,109,,0x68b3465833fb72a70ecdf485e0e4c7bd8665fc45,0x68b3465833fb72a70ecdf485e0e4c7bd8665fc45,2930556,-732794012209454,1903739532228431,0,1253137992742396919636219368491251,193386.0,,,,
22844949,2021-12-22 22:46:21,SWAP,0x608e629b2bd94d13cc6fb32e2704c7ae4969c67a610608f7b9da3efc29c45c7e,94,239,,0x68b3465833fb72a70ecdf485e0e4c7bd8665fc45,0x41bfa97c067e9c4517e27a926495b50abfef86d7,3208761,-802319116086438,1903739532228431,0,1253104602528955698765228755374130,193385.0,,,,
22844993,2021-12-22 22:47:53,SWAP,0x8b414868ffe66fbbd17bb8e8382d85a1065c0333b58668bb084e811b9555b00d,44,292,,0x11431a89893025d2a48dca4eddc396f8c8117187,0x11431a89893025d2a48dca4eddc396f8c8117187,120845891,-30185235994359981,1903739532228431,0,1251848379845964413426232560026008,193365.0,,,,
22845065,2021-12-22 22:50:21,SWAP,0x1c6be66a7edbcd42d84aa3706929bf33b2410cf79b17cce577b9f953291567d4,52,211,,0x68b3465833fb72a70ecdf485e0e4c7bd8665fc45,0xc57aa4e37d9e5bc0a063ff7d4eb1eb12d433fc7a,-15000000,3747199605538753,1903739532228431,0,1252004249539495442882829825119217,193368.0,,,,
22845154,2021-12-22 22:53:23,SWAP,0xd08b3b6ddd1cb2ad07b5a958ba7a13ebb595bbd869edb3309c2473e2f7bbba6a,34,154,,0xe592427a0aece92de3edee1f18e0157c05861564,0xe592427a0aece92de3edee1f18e0157c05861564,55334386,-13804827744509508,1903739532228431,0,1251429732323506786825884048754227,193358.0,,,,
22845187,2021-12-22 22:54:33,SWAP,0x42d7967a036137ded86c7426e2841113813eb69b1517f4d13e7a8a39857fec86,34,191,,0xe592427a0aece92de3edee1f18e0157c05861564,0xdb6f1920a889355780af7570773609bd8cb1f498,-25913744,6469854632359877,1903739532228431,0,1251698854431986315058802249396504,193363.0,,,,
22845238,2021-12-22 22:56:15,SWAP,0xab3097ca206602a335b9d16fb906e87baf77d5703cd73014a6e0f70b8d140fa9,37,187,,0x2ec255797fef7669fa243509b7a599121148ffba,0x2ec255797fef7669fa243509b7a599121148ffba,-53635669,13400000000000000,1903739532228431,0,1252256245047161590652688750047711,193372.0,,,,
22845260,2021-12-22 22:57:29,SWAP,0xd6c82846064178d0186259f3e564b533a9907d9d3fb66429b7a43fba5dd13b8e,64,318,,0xe592427a0aece92de3edee1f18e0157c05861564,0xdb6f1920a889355780af7570773609bd8cb1f498,20000000,-4993073590448875,1903739532228431,0,1252048447688766294437998887256999,193368.0,,,,
22845273,2021-12-22 22:58:21,SWAP,0x4bf1f0e7bd8a0be8287d416e8f948c3f588d13f96a60efd1d5230e5de9db4bae,11,30,,0x1111111254fb6c44bac0bed2854e76f90643097d,0xc590175e458b83680867afd273527ff58f74c02b,-19887602,4969977680813259,1903739532228431,0,1252255180443760017700473137328341,193372.0,,,,
22845278,2021-12-22 22:58:41,SWAP,0xe273da2ad0d07fc57be3c880b4fc64b63149cfc7f04a75d0e93414860f6e8ad2,30,94,,0x2ec255797fef7669fa243509b7a599121148ffba,0x2ec255797fef7669fa243509b7a599121148ffba,-19843187,4960514251410669,1903739532228431,0,1252461519554967444127468724738871,193375.0,,,,
22845382,2021-12-22 23:03:23,SWAP,0x195e58c1fc8fee4ea3190c2049434706e71c48c6912bc172f6f4b993ea5b95ee,77,298,,0x2ec255797fef7669fa243509b7a599121148ffba,0x2ec255797fef7669fa243509b7a599121148ffba,-118184685,29578383700527490,1903739532228431,0,1253691871307708292045574201373959,193395.0,,,,
22845383,2021-12-22 23:03:25,SWAP,0x399fca4a92d97620fe0dd9b24b74b064cfeaf59775c1873acb7e2ecfc0d79d55,126,411,,0xe592427a0aece92de3edee1f18e0157c05861564,0xdb6f1920a889355780af7570773609bd8cb1f498,40990004,-10254992164153749,1903739532228431,0,1253265088036147490059736943960072,193388.0,,,,
22845582,2021-12-22 23:10:15,SWAP,0x6081504345823ab5e5def08f1d5376167bae369dc7a223df578759871286eade,9,42,,0x2ec255797fef7669fa243509b7a599121148ffba,0x2ec255797fef7669fa243509b7a599121148ffba,-55823453,13981768533296184,1903739532228431,0,1253846678078237957989125479429895,193397.0,,,,
22845592,2021-12-22 23:10:35,SWAP,0x3af8444d58658e4c2cfe3ed62212ce7eeba0df4b8c811aec965bf59c783fdfbb,43,241,,0xe592427a0aece92de3edee1f18e0157c05861564,0xdb6f1920a889355780af7570773609bd8cb1f498,16112577,-4032917583737869,1903739532228431,0,1253678839650594969543719737942303,193394.0,,,,
22845668,2021-12-22 23:13:11,MINT,0x35a3cfcc2f3bf96657c30d2e306634107a0761a5c1b3a56f29173cdcbf92a871,96,529,531.0,0xc36442b4a4522e871399cd717abdd847ab11fe88,,11098380922,2518954782137970186,18320610790450379,16416871258221948,1253678839650594969543719737942303,193394.0,233.0,193200.0,193610.0,16416871258221948
22845676,2021-12-22 23:13:27,SWAP,0x6697080015dd732be0b875521bd15d57d51f455bd9ef2a9ee8601abd79b7f955,2,134,,0x11431a89893025d2a48dca4eddc396f8c8117187,0x11431a89893025d2a48dca4eddc396f8c8117187,-552050153,138361826327149810,18320610790450379,0,1254276891337337750036990018697776,193404.0,,,,
22845678,2021-12-22 23:13:31,SWAP,0xf3d5cbe0c527b7799a4d95171bd92d2007a4a8c36ca6b5c3889d3fda2a56fda3,6,55,,0x2ec255797fef7669fa243509b7a599121148ffba,0x2ec255797fef7669fa243509b7a599121148ffba,-19943285,5000910283795884,18320610790450379,0,1254298507146480091347424124322414,193404.0,,,,
22845685,2021-12-22 23:13:45,SWAP,0xcc0dfd7552b486dfc3b39ea991c24e520644dae13720600f36808d85260eeb13,39,311,,0xe592427a0aece92de3edee1f18e0157c05861564,0xdb6f1920a889355780af7570773609bd8cb1f498,-214473802,53791616346383968,18320610790450379,0,1254531014679392461701556468403237,193408.0,,,,
22845756,2021-12-22 23:16:11,SWAP,0x9f2730dcc0d4834a2208b2a40b324eabc40eb08905ccc814dd6a3e3e433a2b67,7,49,,0x11431a89893025d2a48dca4eddc396f8c8117187,0x11431a89893025d2a48dca4eddc396f8c8117187,100000000,-25058145143038736,18320610790450379,0,1254422649799072339397576961044348,193406.0,,,,
22845772,2021-12-22 23:16:47,SWAP,0xfabcbe857cd2369ff50f8f5d690a9da589480578cf39178de7e02ed8caeab4da,55,386,,0x68b3465833fb72a70ecdf485e0e4c7bd8665fc45,0x104d86705c46e9422b803af522b43809f1c8e4e9,25295824,-6337978258515663,18320610790450379,0,1254395240976450590514502327275579,193406.0,,,,
22845773,2021-12-22 23:16:49,SWAP,0x1d6890532be3fb812a73348eb688afa50d11292837c72d529f4af23dd74e5561,46,366,,0x68b3465833fb72a70ecdf485e0e4c7bd8665fc45,0x68b3465833fb72a70ecdf485e0e4c7bd8665fc45,4000000,-1002191966497357,18320610790450379,0,1254390906960030486713970759234595,193406.0,,,,
22845822,2021-12-22 23:18:27,SWAP,0x237198c33a50b03dace7e79dc580b7143a5d99b1c436b3fd3a50a1d1a64f76b1,91,193,,0x2ec255797fef7669fa243509b7a599121148ffba,0x2ec255797fef7669fa243509b7a599121148ffba,-240280086,60274247794483580,18320610790450379,0,1254651434856470734402705220343187,193410.0,,,,
22845824,2021-12-22 23:18:35,SWAP,0xc93f8bcf9f71860a40526152e2e367b24f7248fdc6b4f3c7f5d0374e6514181e,80,423,,0xe592427a0aece92de3edee1f18e0157c05861564,0xdb6f1920a889355780af7570773609bd8cb1f498,-82907824,20803233920111063,18320610790450379,0,1254741354232832607075036918602976,193411.0,,,,
22845859,2021-12-22 23:19:45,SWAP,0x874cbe172a24526d9ae6e60489bc6e3a19fe28449724495af42911a255c75aeb,18,131,,0xe592427a0aece92de3edee1f18e0157c05861564,0xdb6f1920a889355780af7570773609bd8cb1f498,-279127556,70060619828774074,18320610790450379,0,1255044182498222605744118018613281,193416.0,,,,
22845903,2021-12-22 23:21:17,SWAP,0xb915e04e7f2f8acfd770802623d8e8312335aec0d4a7339be46b6773c7138322,137,360,,0x68b3465833fb72a70ecdf485e0e4c7bd8665fc45,0x68b3465833fb72a70ecdf485e0e4c7bd8665fc45,-257358,64612241611683,18320610790450379,0,1255044461776554685093374758109504,193416.0,,,,
22845905,2021-12-22 23:21:21,SWAP,0x34f0ddc9aef419eb78caf6e25ccd37f7ef15708825e6d505fd776dc4b358056f,15,113,,0x2ec255797fef7669fa243509b7a599121148ffba,0x2ec255797fef7669fa243509b7a599121148ffba,-171128143,42969664298451334,18320610790450379,0,1255230192775448108158998509321000,193419.0,,,,
22845932,2021-12-22 23:22:15,SWAP,0xaa6252c02d520005c299b376d602950a0d77584886f1b63f3a0556dc53b6b55a,2,34,,0x2ec255797fef7669fa243509b7a599121148ffba,0x2ec255797fef7669fa243509b7a599121148ffba,-390345404,98061940963500384,18320610790450379,0,1255654053248782902773747151456515,193426.0,,,,
22845971,2021-12-22 23:23:37,SWAP,0x95d15b5ab8b9b6fe2049654bb599cc82032186eef0089757f1d47d9a6b7a40b1,37,266,,0xe592427a0aece92de3edee1f18e0157c05861564,0xdb6f1920a889355780af7570773609bd8cb1f498,51022996,-12808858547479140,18320610790450379,0,1255598660863767503752228487763730,193425.0,,,,
22845979,2021-12-22 23:23:53,SWAP,0x4f78fdd66fb915feda2ce7f37e7e164f7af55f2269f262ee73392beb83ef1bd1,4,36,,0x2ec255797fef7669fa243509b7a599121148ffba,0x2ec255797fef7669fa243509b7a599121148ffba,150000000,-37649590581513549,18320610790450379,0,1255435843809505180105590871067162,193422.0,,,,
22845983,2021-12-22 23:24:01,SWAP,0xee1c608c2cd75ce0323c21e0cb61d7218ad9815850a1bb4a556d996f1334f7f2,1,113,,0x11431a89893025d2a48dca4eddc396f8c8117187,0x11431a89893025d2a48dca4eddc396f8c8117187,-497847771,125121140985575803,18320610790450379,0,1255976664290124419230105847625662,193431.0,,,,
22845986,2021-12-22 23:24:07,SWAP,0x731c6915d213471be7e907120ba8b6d58213ea499edbadc2c83e658553f0d578,63,232,,0xe592427a0aece92de3edee1f18e0157c05861564,0xdb6f1920a889355780af7570773609bd8cb1f498,130000000,-32649858122606090,18320610790450379,0,1255835468764768142757395393500754,193429.0,,,,
22846000,2021-12-22 23:24:35,SWAP,0x0a5e8010e5c0d9a9133530630d8518b09cdb350acbd570b984ff6ba518fb6fae,0,4,,0x2ec255797fef7669fa243509b7a599121148ffba,0x2ec255797fef7669fa243509b7a599121148ffba,174791380,-43887767650749781,18320610790450379,0,1255645674481837666426493851719341,193426.0,,,,
22846018,2021-12-22 23:25:21,SWAP,0x136f15a22b798e210be33eb50b719848c6496f32c1e5675c0356501b72693c41,105,459,,0x68b3465833fb72a70ecdf485e0e4c7bd8665fc45,0x643328fb9032ee56b011d6871e49e3ee0105e38a,21495997,-5396440112560277,18320610790450379,0,1255622337375934009486794372193795,193425.0,,,,
22846021,2021-12-22 23:25:33,SWAP,0xdb5980ea8edf49591d734dc52bd04b04c5479cf1c1c3b2b66c2daa52951ca4ac,13,100,,0x2ec255797fef7669fa243509b7a599121148ffba,0x2ec255797fef7669fa243509b7a599121148ffba,69650035,-17483842176195783,18320610790450379,0,1255546727850402719290946290316246,193424.0,,,,
22846022,2021-12-22 23:25:37,SWAP,0xc798cbb31951c28a0490467e80ba3ba6b007cf6ca45fd0fe0e4ef33ef7a364db,20,99,,0x2ec255797fef7669fa243509b7a599121148ffba,0x2ec255797fef7669fa243509b7a599121148ffba,69990803,-17567262286958315,18320610790450379,0,1255470757571500919367783777338338,193423.0,,,,
22846034,2021-12-22 23:26:25,SWAP,0x0c87f1dcb676da186fc84620f3431bbd8c92c34ba949117fd013d560ed551707,196,426,,0x68b3465833fb72a70ecdf485e0e4c7bd8665fc45,0x49a809dcdde78d4bc5007943bc6321f9d8391dd8,-213255633,53586064677304519,18320610790450379,0,1255702376633035967081610257840797,193427.0,,,,
22846054,2021-12-22 23:27:45,SWAP,0x0c068c345bf992a90f5e73b1ae8d9a1edfacc3c416014e1352247c44f4230c90,25,133,,0x2ec255797fef7669fa243509b7a599121148ffba,0x2ec255797fef7669fa243509b7a599121148ffba,200000000,-50205576849416516,18320610790450379,0,1255485260749332933912564671391306,193423.0,,,,
22846054,2021-12-22 23:27:45,SWAP,0x8ed8ea4edcbb90a4c412d02acd6e1a9fc14aaa22a2e1d03065d5c0211d1732e0,62,375,,0x2ec255797fef7669fa243509b7a599121148ffba,0x2ec255797fef7669fa243509b7a599121148ffba,211332536,-53031497670009095,18320610790450379,0,1255255924065974953859593196907845,193420.0,,,,
22846059,2021-12-22 23:28:05,SWAP,0x68e3ca2757e64cd13614b3a5a7193bb67bc45ea69f50e70787a726fa7559466a,13,81,,0x2ec255797fef7669fa243509b7a599121148ffba,0x2ec255797fef7669fa243509b7a599121148ffba,875523365,-219496396322741511,18320610790450379,0,1254306703739313234046711556390796,193404.0,,,,
22846101,2021-12-22 23:30:13,SWAP,0x80017f182e9209ef03da48bb29a07ea00444e701a45bb5a983bd65a9dcb6e344,12,73,,0xe592427a0aece92de3edee1f18e0157c05861564,0xe592427a0aece92de3edee1f18e0157c05861564,210050250,-52610876260157869,18320610790450379,0,1254079186048880645031919080883088,193401.0,,,,
22846123,2021-12-22 23:30:57,SWAP,0xe41967f19d4addd8bc7b574070f0d306a222c3fb996b86efe7a0b6b82f5fbaab,23,110,,0x68b3465833fb72a70ecdf485e0e4c7bd8665fc45,0x61001ea449d2e8dba71f6f2e53458605c04aecc6,-800000000,200677288021596563,18320610790450379,0,1254946588523812654443992672397359,193415.0,,,,
22846148,2021-12-22 23:32:33,SWAP,0x8a84e5f2ea44f2f34f7166a7802724d9fa6720394f513bdd38d1008ca44451aa,74,510,,0x2ec255797fef7669fa243509b7a599121148ffba,0x2ec255797fef7669fa243509b7a599121148ffba,125889152,-31565682160647756,18320610790450379,0,1254810081557712975882701100404142,193412.0,,,,
22846149,2021-12-22 23:32:35,SWAP,0xde9a2f96c1544da60d85157255e6808b1c188775a5193d3a88e4f8356c7d1bbe,154,546,,0xe592427a0aece92de3edee1f18e0157c05861564,0xdb6f1920a889355780af7570773609bd8cb1f498,106588107,-26720733718114222,18320610790450379,0,1254694526751285744701022923017495,193411.0,,,,
22846170,2021-12-22 23:33:17,SWAP,0x7d57b6ebac9238392f02e1b9ed33daed40640d80fe75e40762936416a3abcaa8,129,640,,0xe592427a0aece92de3edee1f18e0157c05861564,0xdb6f1920a889355780af7570773609bd8cb1f498,-334672161,84000000000000000,18320610790450379,0,1255057606243801347772623303770222,193416.0,,,,
22846234,2021-12-22 23:35:29,SWAP,0x9e0320567c79cc552121ec637f5213cb6fb98c4772b2751fb05f9b15388ee03a,5,40,,0xe592427a0aece92de3edee1f18e0157c05861564,0xdb6f1920a889355780af7570773609bd8cb1f498,100000000,-25079185048334064,18320610790450379,0,1254949150375628522876881902037543,193415.0,,,,
22846264,2021-12-22 23:36:29,SWAP,0x90fbc8853e4077a837285edd3eda5c0c05db203f8138fff0bf7743e6007b0269,17,93,,0xe592427a0aece92de3edee1f18e0157c05861564,0xdb6f1920a889355780af7570773609bd8cb1f498,199495651,-50018936947949752,18320610790450379,0,1254732841623118559038132843872225,193411.0,,,,
22846302,2021-12-22 23:37:49,SWAP,0xefcca6064f6de6207cfc77be76d0d8cd8c9d632342507445426fddb58bb848f5,3,24,,0x2ec255797fef7669fa243509b7a599121148ffba,0x2ec255797fef7669fa243509b7a599121148ffba,-155398097,39000000000000000,18320610790450379,0,1254901414244643660464233020650276,193414.0,,,,
22846304,2021-12-22 23:37:53,SWAP,0x7fe2409bd5e3614eda0414abdbae011ef3a8d1c19d44f0a6b85fb9c79ca09201,20,118,,0xe592427a0aece92de3edee1f18e0157c05861564,0xdb6f1920a889355780af7570773609bd8cb1f498,48784275,-12232194794649702,18320610790450379,0,1254848515663467436454884979922983,193413.0,,,,
22846312,2021-12-22 23:38:09,SWAP,0x0b316e91623b22c4d32471d08a2a5ca58cd217faead10d6de8ce2a177fb001e6,27,99,,0xe592427a0aece92de3edee1f18e0157c05861564,0xdb6f1920a889355780af7570773609bd8cb1f498,49577407,-12430008773535163,18320610790450379,0,1254794761628384899462146155696056,193412.0,,,,
22846322,2021-12-22 23:38:29,SWAP,0x437b31d42db3f8aec830d7c34afd6d820f575064e7c612fe5ee4fa1e25a657a8,11,53,,0xe592427a0aece92de3edee1f18e0157c05861564,0xdb6f1920a889355780af7570773609bd8cb1f498,-159366387,40000000000000000,18320610790450379,0,1254967656624820900924813003673545,193415.0,,,,
22846349,2021-12-22 23:39:27,SWAP,0xd24cb8997ecdf2e2886fc3bc801e38f8f96adfce344d6c10442f66f3e6949e97,28,147,,0x2ec255797fef7669fa243509b7a599121148ffba,0x2ec255797fef7669fa243509b7a599121148ffba,263281111,-66009979832533921,18320610790450379,0,1254682194012817737323114342575168,193410.0,,,,
22846359,2021-12-22 23:39:47,MINT,0x0c61d1f0f0d2ee4f7c6dc3d4e7075757f0f54b13641dd117cc30433fd424697f,40,233,235.0,0xc36442b4a4522e871399cd717abdd847ab11fe88,,500000000,52069469487564,18320610790450379,0,1254682194012817737323114342575168,193410.0,246.0,193410.0,195680.0,73828303838072
22846382,2021-12-22 23:40:33,SWAP,0x3dc1b1f8455f7bea742850187231aa72c4a82628f48fbb6428aa2fb7d9dcf8dd,11,59,,0x2ec255797fef7669fa243509b7a599121148ffba,0x2ec255797fef7669fa243509b7a599121148ffba,-125836595,31577628923188017,18394439094288451,0,1254818136543305652325464679260670,193413.0,,,,
22846382,2021-12-22 23:40:33,SWAP,0xb4f5ec6a0c2e4685ab1d3460eb068007d7712bcd638fdfc972f68000cfd31495,29,135,,0x2ec255797fef7669fa243509b7a599121148ffba,0x2ec255797fef7669fa243509b7a599121148ffba,-201235443,50512555352481057,18394439094288451,0,1255035594434546648355470261473474,193416.0,,,,
22846394,2021-12-22 23:40:57,SWAP,0x337239f0a086f47358d41f6ccba9a2e42065760dad4720724647ce7cb442d670,223,498,,0x11431a89893025d2a48dca4eddc396f8c8117187,0x11431a89893025d2a48dca4eddc396f8c8117187,-119084853,29900000000000000,18394439094288451,0,1255164314728001103713424581574392,193418.0,,,,
22846410,2021-12-22 23:41:33,SWAP,0x51670c8774685fa33e2d5bb1754c4ddc9fe9a6f9a28168f170a48b166f51fab5,33,188,,0x68b3465833fb72a70ecdf485e0e4c7bd8665fc45,0x1adc23820d69c9ce3517c01b0a2fb09fe1f79d0d,-10000000,2511093832346587,18394439094288451,0,1255175125053586097876315870071005,193418.0,,,,
22846430,2021-12-22 23:42:13,SWAP,0x3735016734bf4747e003e7adb42fc42575b12461767a54ed402fd0a7124c7a5a,18,115,,0x2ec255797fef7669fa243509b7a599121148ffba,0x2ec255797fef7669fa243509b7a599121148ffba,-59291612,14889568866560545,18394439094288451,0,1255239225042680211438522796451803,193419.0,,,,
22846431,2021-12-22 23:42:15,SWAP,0xaa52376bcfcb1834c9e1012d192fc22b1a1d197ad93a098ee262a23e2fe6e032,11,111,,0x2ec255797fef7669fa243509b7a599121148ffba,0x2ec255797fef7669fa243509b7a599121148ffba,192771805,-48355745370153648,18394439094288451,0,1255030948137195525997340050044261,193416.0,,,,
22846435,2021-12-22 23:42:23,SWAP,0x6b619cf14901435f1c88f14495352cb5e0129abb8892007a7621f307f6799fdc,17,71,,0x2ec255797fef7669fa243509b7a599121148ffba,0x2ec255797fef7669fa243509b7a599121148ffba,-106985856,26861687125479634,18394439094288451,0,1255146588413097649872534430088850,193418.0,,,,
22846453,2021-12-22 23:42:59,SWAP,0x6ae5b65f20277b303fe5f943c8a23875c30425ee092b0026385174f0a3faea30,14,308,,0x11431a89893025d2a48dca4eddc396f8c8117187,0x11431a89893025d2a48dca4eddc396f8c8117187,-356060460,89434252677030373,18394439094288451,0,1255531605244183511383952821259611,193424.0,,,,
22846462,2021-12-22 23:43:17,SWAP,0xe10dec3b29a8dc37898b9eb04510afd836c75c4a32ffb923fe1ae30d03e388e6,40,172,,0x68b3465833fb72a70ecdf485e0e4c7bd8665fc45,0x7cd001f00f0b160b5d17234f6346e55d9b0f2b9f,-131525976,33050199238510704,18394439094288451,0,1255673887228956398164704084644582,193426.0,,,,
22846467,2021-12-22 23:43:31,SWAP,0xc7c24416b1f81442aeab08986e6facd2a341f91d922f1ca904a18294e21628e9,84,598,,0xe592427a0aece92de3edee1f18e0157c05861564,0xdb6f1920a889355780af7570773609bd8cb1f498,-59409989,14931157067418822,18394439094288451,0,1255738166256358830130438086758471,193427.0,,,,
22846474,2021-12-22 23:43:45,SWAP,0xbe2d3512405a6ced23c097c9658889f4f676d99fd79bc0e0e472d7ab9573199f,40,390,,0xe592427a0aece92de3edee1f18e0157c05861564,0xdb6f1920a889355780af7570773609bd8cb1f498,381909547,-95860461183240621,18394439094288451,0,1255325277982985147980446398020337,193421.0,,,,
22846478,2021-12-22 23:43:53,SWAP,0x8b81a67c8940947c2aa4f05dc011abd1114834e5bd2c622b05470496e0aa0e1a,67,277,,0x2ec255797fef7669fa243509b7a599121148ffba,0x2ec255797fef7669fa243509b7a599121148ffba,-24775137,6222944560640711,18394439094288451,0,1255352067924456602127686613958496,193421.0,,,,
22846496,2021-12-22 23:44:29,SWAP,0xf0051031813fe87d3064df68013bbc57cde24cbf813b20841ea78357cae6a926,6,188,,0x11431a89893025d2a48dca4eddc396f8c8117187,0x11431a89893025d2a48dca4eddc396f8c8117187,-751108003,188787217727430599,18394439094288451,0,1256164801906607940701591345491407,193434.0,,,,
22846497,2021-12-22 23:44:31,SWAP,0x3079da0f80789f8f63ffb719a3e4dd028f5ee81e71a9950619a2f5ca2e3a4d54,45,234,,0x2ec255797fef7669fa243509b7a599121148ffba,0x2ec255797fef7669fa243509b7a599121148ffba,-86197293,21680893234680957,18394439094288451,0,1256258138727327768413134339426890,193435.0,,,,
22846516,2021-12-22 23:45:09,SWAP,0x6a22aadab30d6968f795e0b6183d359eb184e61bf163f268ab4110f0736ad2d3,68,362,,0x2ec255797fef7669fa243509b7a599121148ffba,0x2ec255797fef7669fa243509b7a599121148ffba,-239230138,60189574334869878,18394439094288451,0,1256517256442086404043724634971201,193440.0,,,,
22846521,2021-12-22 23:45:19,SWAP,0xf211c935d76cacd202bf5bfb82b7b596fc9af5f7f12b0d4ba92a9e67c39a9671,18,94,,0x2ec255797fef7669fa243509b7a599121148ffba,0x2ec255797fef7669fa243509b7a599121148ffba,-191904160,48300452789494621,18394439094288451,0,1256725191173091314224662843297600,193443.0,,,,
22846539,2021-12-22 23:45:59,SWAP,0xaa94edc9bd2ddd2436902c74330fc400e7becfde33fc6f5d46f006159815324c,3,21,,0xe592427a0aece92de3edee1f18e0157c05861564,0xdb6f1920a889355780af7570773609bd8cb1f498,944288774,-237277073713723869,18394439094288451,0,1255703196076598419881667683878841,193427.0,,,,
22846552,2021-12-22 23:46:25,SWAP,0xfbb77c241ffe2a95280b102ad5f8e4dbc2b8056313d5da74218d78dc69ff0842,90,349,,0x1111111254fb6c44bac0bed2854e76f90643097d,0xc3c2a193fdf659ec09afad0bed53142b4d364617,-43427171,10914650399156711,18394439094288451,0,1255750183936208193796849276483204,193427.0,,,,
22846567,2021-12-22 23:46:55,SWAP,0xb9653875421daa1deed0475f43efa407d832eed14949a269641c58edbd415eb1,5,17,,0xe592427a0aece92de3edee1f18e0157c05861564,0xdb6f1920a889355780af7570773609bd8cb1f498,48632462,-12210633371110475,18394439094288451,0,1255697590538814041673352322505979,193427.0,,,,
22846568,2021-12-22 23:46:57,SWAP,0xe92d6a00716456b001b2c74b5af3ef8b10ed7ca91e50edaf2017008d22591814,35,237,,0x68b3465833fb72a70ecdf485e0e4c7bd8665fc45,0x68b3465833fb72a70ecdf485e0e4c7bd8665fc45,10172971,-2554099032067132,18394439094288451,0,1255686589574220727569121127040611,193426.0,,,,
22846610,2021-12-22 23:48:26,SWAP,0xc8e66ea6e97a1acdc88f51d28a2762fb70b03794bd89f69e21e312f713bdbdaa,4,50,,0x2ec255797fef7669fa243509b7a599121148ffba,0x2ec255797fef7669fa243509b7a599121148ffba,1137841169,-285392396582044204,18320610790450379,0,1254456672228920681252961786935862,193407.0,,,,
22846613,2021-12-22 23:48:32,SWAP,0xe64ced05f353c2a211b0c0fef82f6051de0dea26439ade15a9e36b55c04aa756,15,98,,0xe592427a0aece92de3edee1f18e0157c05861564,0xe592427a0aece92de3edee1f18e0157c05861564,-41818639,10489504172256447,18320610790450379,0,1254502011798582623771523609500314,193408.0,,,,
22846626,2021-12-22 23:48:58,SWAP,0x58cb310a19164ba62b2016cf2ad33a388cbe82af14d705b338b516547a00c42c,47,228,,0xe592427a0aece92de3edee1f18e0157c05861564,0xdb6f1920a889355780af7570773609bd8cb1f498,-59236279,14859724753285249,18320610790450379,0,1254566241100039104165899074271035,193409.0,,,,
22846628,2021-12-22 23:49:02,SWAP,0x9bc70e8cb2fbdbf4f5c968e528eeda0fa6e0e9b17a9eecc91e8e9e8d7800fd58,54,292,,0x68b3465833fb72a70ecdf485e0e4c7bd8665fc45,0x44b59a700cc20452e24008d03ba7c40e9cd8b9c5,72599042,-18193425429994386,18320610790450379,0,1254487562955344818579427858740064,193407.0,,,,
22846634,2021-12-22 23:49:14,SWAP,0xbb453c744659ae5217c525de7872913f33d72646beecee762c0098c0d6255df5,18,94,,0x2ec255797fef7669fa243509b7a599121148ffba,0x2ec255797fef7669fa243509b7a599121148ffba,-31078320,7795786909445671,18320610790450379,0,1254521259269092929482339464746514,193408.0,,,,
22846636,2021-12-22 23:49:18,SWAP,0xf2420ecab68d2b4bdbc4760658bcf9fecefcfe9b65ac99a2040ca54b3a155fe0,9,52,,0x2ec255797fef7669fa243509b7a599121148ffba,0x2ec255797fef7669fa243509b7a599121148ffba,-190459454,47784610509662903,18394439094288451,0,1254727394943849188017924206682584,193411.0,,,,
22846654,2021-12-22 23:49:54,SWAP,0x1ab33db16ac8dc7f0676b5a32f4cb702dcf554e2fc55c134693e63bf15f7ae91,0,22,,0x11431a89893025d2a48dca4eddc396f8c8117187,0x11431a89893025d2a48dca4eddc396f8c8117187,-540470962,135684830190241440,18394439094288451,0,1255311521738478145273260645490224,193420.0,,,,
22846658,2021-12-22 23:50:06,SWAP,0xce8cb5de800e9a797f5baad384dcb225cc19ee5687fc7b23034caba54e990825,108,415,,0xe592427a0aece92de3edee1f18e0157c05861564,0xf2e4209afa4c3c9eaa3fb8e12eed25d8f328171c,-1235611963,310674521528276947,18394439094288451,0,1256648983798007988658665346500566,193442.0,,,,
22846662,2021-12-22 23:50:14,SWAP,0x34a263032d940189807edb7decade58c545cd4048d724d9925ffdd06460e2d46,11,38,,0x2ec255797fef7669fa243509b7a599121148ffba,0x2ec255797fef7669fa243509b7a599121148ffba,-369618317,93063188268273929,18394439094288451,0,1257049623293114993584330833191257,193448.0,,,,
22846666,2021-12-22 23:50:22,SWAP,0x07c0a32791b873222de952bed3b201db88a97a323944aa09e6caddb5f98ff2ab,13,84,,0x2ec255797fef7669fa243509b7a599121148ffba,0x2ec255797fef7669fa243509b7a599121148ffba,800000000,-201149535287840920,18394439094288451,0,1256183236012167556429988391160888,193434.0,,,,
22846688,2021-12-22 23:51:06,SWAP,0xb1b4c6b1fc45d759d7f5fb6978420b6806b3ce539def5d57b0247c83e0fbb552,38,208,,0x68b3465833fb72a70ecdf485e0e4c7bd8665fc45,0x8b88064db1595e37fded18102dff6933a8b6ee90,2496587,-627299968021893,18394439094288451,0,1256180534118211623661278466526513,193434.0,,,,
22846697,2021-12-22 23:51:24,SWAP,0xb83d40c014c899fd816952edeea6449264e7f51c7baf8d4064d1e6c33ee2a1d0,38,185,,0x11431a89893025d2a48dca4eddc396f8c8117187,0xf180c99f483f61f117f892b442c4507667f82676,1000000000,-251046259129144043,18394439094288451,0,1255099232659932428424444469334999,193417.0,,,,
22846716,2021-12-22 23:52:02,SWAP,0x398373c07c5af5f47b449a9b2364b29aff62a6885b128f7e3e6abacd7c8534d5,7,38,,0x2ec255797fef7669fa243509b7a599121148ffba,0x2ec255797fef7669fa243509b7a599121148ffba,-300428576,75451483621977148,18394439094288451,0,1255424053299176406038913105895370,193422.0,,,,
22846721,2021-12-22 23:52:16,SWAP,0x91e8e0a8e37f954f5dab6a0cc7de4f71c2a44350adae348a438599906422aff1,4,35,,0x2ec255797fef7669fa243509b7a599121148ffba,0x2ec255797fef7669fa243509b7a599121148ffba,-248737010,62498904075300392,18394439094288451,0,1255693112739750135879749404343262,193426.0,,,,
22846721,2021-12-22 23:52:16,SWAP,0xf67ced1acdfb67e8b1cadc371becd657bf603ecc999310812cf26ee261c09e18,10,70,,0xe592427a0aece92de3edee1f18e0157c05861564,0xdb6f1920a889355780af7570773609bd8cb1f498,-104738343,26325095452979955,18394439094288451,0,1255806442974262648528749230747352,193428.0,,,,
22846740,2021-12-22 23:52:54,SWAP,0x38c5eefd0ac3b10e51a3d0658ebebbf70a6983e1b5a157ce464a7cd9cc9bd75a,5,22,,0xe592427a0aece92de3edee1f18e0157c05861564,0xdb6f1920a889355780af7570773609bd8cb1f498,244424341,-61365189570529004,18394439094288451,0,1255542132049254767436011984620398,193424.0,,,,
22846765,2021-12-22 23:53:44,SWAP,0xe9e3fa8ad8436c0c6ec5b95a4f55b67c21e2248daff957d5b040bfc6eee8c222,37,312,,0x68b3465833fb72a70ecdf485e0e4c7bd8665fc45,0x44b59a700cc20452e24008d03ba7c40e9cd8b9c5,58210317,-14610477258469955,18394439094288451,0,1255479202091961073796978087580684,193423.0,,,,
22846841,2021-12-22 23:56:20,SWAP,0x2b7eb2930bca917861bf81e4ef6e9437bf9f4e9b407beaa547defbc00b42c7e1,39,238,,0xe592427a0aece92de3edee1f18e0157c05861564,0xdb6f1920a889355780af7570773609bd8cb1f498,-453436125,113962738387664593,18394439094288451,0,1255969814704942127675690675257899,193431.0,,,,
22846847,2021-12-22 23:56:32,SWAP,0x48ad36b42ade42c38dc7a78a14180394c9db78e3599131da8c7d1b2f521ec110,36,172,,0x68b3465833fb72a70ecdf485e0e4c7bd8665fc45,0xf93063f19f893bfaad1d194f635bd467e5c2adfe,-2491511,626441042141705,18394439094288451,0,1255972511550252375002920361201504,193431.0,,,,
22846856,2021-12-22 23:56:54,SWAP,0x729de3854672d7c916446c9876040f46d23c4d5ed7ee088e565f457ad45e2be9,41,247,,0x11431a89893025d2a48dca4eddc396f8c8117187,0xf180c99f483f61f117f892b442c4507667f82676,500000000,-125535598464032279,18394439094288451,0,1255431807115316816578325233677674,193422.0,,,,
22846863,2021-12-22 23:57:08,SWAP,0xb280b180bd9b06c2c0eb9e85d3e34f5b29527ad18c264cc2032e110c8b917b48,43,346,,0xe592427a0aece92de3edee1f18e0157c05861564,0xdb6f1920a889355780af7570773609bd8cb1f498,-58722914,14752779766168700,18394439094288451,0,1255495318223703779330070200285959,193423.0,,,,
22846866,2021-12-22 23:57:14,SWAP,0x612a86aaa44efab50e6b57620218ed193acd4a956e173e1420dc7f745f7469c1,12,77,,0xe592427a0aece92de3edee1f18e0157c05861564,0xdb6f1920a889355780af7570773609bd8cb1f498,-59770763,15017560651160391,18394439094288451,0,1255559969220827105320613046146439,193424.0,,,,
22846868,2021-12-22 23:57:18,SWAP,0x016c3146ec6b7493255c51ebeecf0c3116b86308f87fd4da8412fec855c2bfd9,21,80,,0xe592427a0aece92de3edee1f18e0157c05861564,0xdb6f1920a889355780af7570773609bd8cb1f498,-267061778,67118868605425356,18394439094288451,0,1255848917731302736846701614605708,193429.0,,,,
22846868,2021-12-22 23:57:18,MINT,0x2053910a9db654b0d5880e0a42ff7c159b2cbc5678243a12b896a86e3cf8c79e,103,275,276.0,0xc36442b4a4522e871399cd717abdd847ab11fe88,,4148917682,1323559588650022743,25713911126710577,7319472032422126,1255848917731302736846701614605708,193429.0,233.0,193200.0,193610.0,7319472032422126
22846873,2021-12-22 23:57:28,SWAP,0x61a1614ae3f10c4973e5a38756049f2510cf56330c49889036f8d91343ddf836,50,278,,0x68b3465833fb72a70ecdf485e0e4c7bd8665fc45,0x44b59a700cc20452e24008d03ba7c40e9cd8b9c5,46745258,-11738793744287725,25713911126710577,0,1255812748863256531065301811466150,193428.0,,,,
22846882,2021-12-22 23:57:46,SWAP,0x2027cda91f83d745e147d7baa1ee83d2cd8ef831d367ff0eb6adf0e6a7a750d1,113,366,,0xe592427a0aece92de3edee1f18e0157c05861564,0xf2e4209afa4c3c9eaa3fb8e12eed25d8f328171c,-7635686,1919366571958441,25713911126710577,0,1255818659743635453388300187348530,193428.0,,,,
22846890,2021-12-22 23:58:02,SWAP,0xb1f4311f122e16ad0bc0756e125aaab55e0e555fe62aa5e038f603c82d9c5b51,36,195,,0x11431a89893025d2a48dca4eddc396f8c8117187,0x11431a89893025d2a48dca4eddc396f8c8117187,500000000,-125520231554669883,25713911126710577,0,1255431914325739407117228052059765,193422.0,,,,
22846899,2021-12-22 23:58:20,SWAP,0xa72970486c42d2a4e4a7ee19bdf7f22d6b832f776a8b7595a18982bc1cbb7b4e,52,272,,0xe592427a0aece92de3edee1f18e0157c05861564,0xdb6f1920a889355780af7570773609bd8cb1f498,-59953893,15061832120510284,25713911126710577,0,1255478298736748975311397394175845,193423.0,,,,
22846902,2021-12-22 23:58:26,SWAP,0xf2a9381c78b901677443ff868073a4f38258027d9621d9f42b5ae1dcdc394ac5,10,66,,0x2ec255797fef7669fa243509b7a599121148ffba,0x2ec255797fef7669fa243509b7a599121148ffba,-398132555,100048530400853756,25713911126710577,0,1255786408143219989416213159722483,193428.0,,,,
22846902,2021-12-22 23:58:26,SWAP,0xfb48a92a158455ed83e61a93f1c97c8621e109a74141a1daeecaa982fb99cca7,14,90,,0x2ec255797fef7669fa243509b7a599121148ffba,0x2ec255797fef7669fa243509b7a599121148ffba,-101474234,25507772776918102,25713911126710577,0,1255864961868089362027021125379853,193429.0,,,,
22846902,2021-12-22 23:58:26,SWAP,0x5969c2dd0b310c3902f9b979b078cfabdb57b4c0a928b11520fd52f68d48ec1d,23,140,,0xe592427a0aece92de3edee1f18e0157c05861564,0xdb6f1920a889355780af7570773609bd8cb1f498,-99441911,25000000000000000,25713911126710577,0,1255941951856157288929479041892621,193430.0,,,,
22846941,2021-12-22 23:59:48,SWAP,0xe8de7baa452f36b3bfd33efd5b98503c9f842f8ea4de2bf14cc8357baa07b318,28,106,,0xe592427a0aece92de3edee1f18e0157c05861564,0xf2e4209afa4c3c9eaa3fb8e12eed25d8f328171c,118500000,-29761129269325112,25713911126710577,0,1255850253647559655294000559421429,193429.0,,,,
